[{"pk": 10, "model": "contenttypes.contenttype", "fields": {"model": "checkpoint", "name": "checkpoint", "app_label": "races"}}, {"pk": 6, "model": "contenttypes.contenttype", "fields": {"model": "contenttype", "name": "content type", "app_label": "contenttypes"}}, {"pk": 3, "model": "contenttypes.contenttype", "fields": {"model": "group", "name": "group", "app_label": "auth"}}, {"pk": 1, "model": "contenttypes.contenttype", "fields": {"model": "logentry", "name": "log entry", "app_label": "admin"}}, {"pk": 2, "model": "contenttypes.contenttype", "fields": {"model": "permission", "name": "permission", "app_label": "auth"}}, {"pk": 9, "model": "contenttypes.contenttype", "fields": {"model": "race", "name": "race", "app_label": "races"}}, {"pk": 13, "model": "contenttypes.contenttype", "fields": {"model": "route", "name": "route", "app_label": "races"}}, {"pk": 11, "model": "contenttypes.contenttype", "fields": {"model": "routeleg", "name": "route leg", "app_label": "races"}}, {"pk": 12, "model": "contenttypes.contenttype", "fields": {"model": "routelegnode", "name": "route leg node", "app_label": "races"}}, {"pk": 7, "model": "contenttypes.contenttype", "fields": {"model": "session", "name": "session", "app_label": "sessions"}}, {"pk": 8, "model": "contenttypes.contenttype", "fields": {"model": "site", "name": "site", "app_label": "sites"}}, {"pk": 4, "model": "contenttypes.contenttype", "fields": {"model": "user", "name": "user", "app_label": "auth"}}, {"pk": "597344575f10c10834bbf8c45ee228a7", "model": "sessions.session", "fields": {"expire_date": "2012-02-24T03:59:14", "session_data": "OTk4YmU3NmM0Njk1ZmU0NjM4ZDA4OTU4NDRmOTgzMDhjZDAwODdhZTqAAn1xAShVEl9hdXRoX3Vz\nZXJfYmFja2VuZHECVSlkamFuZ28uY29udHJpYi5hdXRoLmJhY2tlbmRzLk1vZGVsQmFja2VuZHED\nVQ1fYXV0aF91c2VyX2lkcQRLAXUu\n"}}, {"pk": "d6a186f239eb25166097fb67c57a3c2c", "model": "sessions.session", "fields": {"expire_date": "2012-03-11T05:09:18", "session_data": "OTk4YmU3NmM0Njk1ZmU0NjM4ZDA4OTU4NDRmOTgzMDhjZDAwODdhZTqAAn1xAShVEl9hdXRoX3Vz\nZXJfYmFja2VuZHECVSlkamFuZ28uY29udHJpYi5hdXRoLmJhY2tlbmRzLk1vZGVsQmFja2VuZHED\nVQ1fYXV0aF91c2VyX2lkcQRLAXUu\n"}}, {"pk": "6490ce484063e9f728c30167c77af195", "model": "sessions.session", "fields": {"expire_date": "2013-02-27T05:29:20", "session_data": "OTk4YmU3NmM0Njk1ZmU0NjM4ZDA4OTU4NDRmOTgzMDhjZDAwODdhZTqAAn1xAShVEl9hdXRoX3Vz\nZXJfYmFja2VuZHECVSlkamFuZ28uY29udHJpYi5hdXRoLmJhY2tlbmRzLk1vZGVsQmFja2VuZHED\nVQ1fYXV0aF91c2VyX2lkcQRLAXUu\n"}}, {"pk": "f4d3624e4fbb25f2dc874e9dd5911788", "model": "sessions.session", "fields": {"expire_date": "2013-02-28T00:00:12", "session_data": "OTk4YmU3NmM0Njk1ZmU0NjM4ZDA4OTU4NDRmOTgzMDhjZDAwODdhZTqAAn1xAShVEl9hdXRoX3Vz\nZXJfYmFja2VuZHECVSlkamFuZ28uY29udHJpYi5hdXRoLmJhY2tlbmRzLk1vZGVsQmFja2VuZHED\nVQ1fYXV0aF91c2VyX2lkcQRLAXUu\n"}}, {"pk": "a357554218f9aa09a44e5f25e21f96a4", "model": "sessions.session", "fields": {"expire_date": "2013-03-05T20:38:53", "session_data": "OTk4YmU3NmM0Njk1ZmU0NjM4ZDA4OTU4NDRmOTgzMDhjZDAwODdhZTqAAn1xAShVEl9hdXRoX3Vz\nZXJfYmFja2VuZHECVSlkamFuZ28uY29udHJpYi5hdXRoLmJhY2tlbmRzLk1vZGVsQmFja2VuZHED\nVQ1fYXV0aF91c2VyX2lkcQRLAXUu\n"}}, {"pk": 1, "model": "sites.site", "fields": {"domain": "example.com", "name": "example.com"}}, {"pk": 1, "model": "races.race", "fields": {"checkpoint_qty": 6, "checkpoint_start": 5, "checkpoint_finish": 8, "name": "Chiditarod VII", "url": "http://chiditarod.org/", "num_people_per_team": 5, "min_race_distance": "4.50", "min_leg_distance": "0.40", "measurement_system": "miles", "max_race_distance": "4.80", "date": "2012-03-03", "num_teams": 160, "max_leg_distance": "1.10"}}, {"pk": 2, "model": "races.race", "fields": {"checkpoint_qty": 6, "checkpoint_start": 5, "checkpoint_finish": 8, "name": "Chiditarod VIII", "url": "http://chiditarod.org/", "num_people_per_team": 5, "min_race_distance": "4.20", "min_leg_distance": "0.30", "measurement_system": "miles", "max_race_distance": "4.60", "date": "2013-03-02", "num_teams": 165, "max_leg_distance": "1.10"}}, {"pk": 3, "model": "races.race", "fields": {"checkpoint_qty": 6, "checkpoint_start": 5, "checkpoint_finish": 8, "name": "To Glory", "url": "", "num_people_per_team": 5, "min_race_distance": "4.30", "min_leg_distance": "0.40", "measurement_system": "miles", "max_race_distance": "4.80", "date": "2014-04-04", "num_teams": 165, "max_leg_distance": "1.10"}}, {"pk": 5, "model": "races.checkpoint", "fields": {"state_province": "IK", "city": "Chicago", "name": "Minimonks", "enabled": true, "capacity_max": 2000, "lon": "0.00", "address": "1900 W Hubbard", "lat": "0.00", "capacity_comfortable": 2500}}, {"pk": 6, "model": "races.checkpoint", "fields": {"state_province": "IL", "city": "Chicago", "name": "Cobra", "enabled": true, "capacity_max": 300, "lon": "0.00", "address": "235 N Ashland", "lat": "0.00", "capacity_comfortable": 300}}, {"pk": 7, "model": "races.checkpoint", "fields": {"state_province": "IL", "city": "Chicago", "name": "Nick's Beergarden", "enabled": false, "capacity_max": 300, "lon": "0.00", "address": "Milwaukee", "lat": "0.00", "capacity_comfortable": 286}}, {"pk": 8, "model": "races.checkpoint", "fields": {"state_province": "IL", "city": "Chicago", "name": "Bottom Lounge", "enabled": true, "capacity_max": 1000, "lon": "0.00", "address": "1375 W Lake St.", "lat": "0.00", "capacity_comfortable": 250}}, {"pk": 9, "model": "races.checkpoint", "fields": {"state_province": "IL", "city": "Chicago", "name": "5 Star", "enabled": true, "capacity_max": 156, "lon": "0.00", "address": "Chicago", "lat": "0.00", "capacity_comfortable": 190}}, {"pk": 10, "model": "races.checkpoint", "fields": {"state_province": "IL", "city": "Chicago", "name": "Roots", "enabled": true, "capacity_max": 233, "lon": "0.00", "address": "Chicago", "lat": "0.00", "capacity_comfortable": 233}}, {"pk": 11, "model": "races.checkpoint", "fields": {"state_province": "IL", "city": "Chicago", "name": "Phyllis'", "enabled": true, "capacity_max": 180, "lon": "0.00", "address": "1800 W Division", "lat": "0.00", "capacity_comfortable": 270}}, {"pk": 12, "model": "races.checkpoint", "fields": {"state_province": "IL", "city": "Chicago", "name": "Darkroom", "enabled": false, "capacity_max": 350, "lon": "0.00", "address": "Chicago", "lat": "0.00", "capacity_comfortable": 220}}, {"pk": 13, "model": "races.checkpoint", "fields": {"state_province": "IL", "city": "Chicago", "name": "Mahoneys", "enabled": true, "capacity_max": 285, "lon": "0.00", "address": "551 N. Ogden Ave", "lat": "0.00", "capacity_comfortable": 350}}, {"pk": 14, "model": "races.checkpoint", "fields": {"state_province": "IL", "city": "Chicago", "name": "Fifty 50", "enabled": false, "capacity_max": 300, "lon": "0.00", "address": "2047 W Division St", "lat": "0.00", "capacity_comfortable": 300}}, {"pk": 15, "model": "races.checkpoint", "fields": {"state_province": "IL 60622", "city": "Chicago", "name": "Boundary", "enabled": true, "capacity_max": 182, "lon": "0.00", "address": "1932 W Division St", "lat": "0.00", "capacity_comfortable": 350}}, {"pk": 16, "model": "races.checkpoint", "fields": {"state_province": "IL", "city": "Chicago", "name": "Club Foot", "enabled": true, "capacity_max": 80, "lon": "0.00", "address": "1824 W. Augusta", "lat": "0.00", "capacity_comfortable": 120}}, {"pk": 1, "model": "races.routeleg", "fields": {"distance": "0.80", "checkpoint_b": 6, "checkpoint_a": 5}}, {"pk": 2, "model": "races.routeleg", "fields": {"distance": "1.40", "checkpoint_b": 7, "checkpoint_a": 5}}, {"pk": 3, "model": "races.routeleg", "fields": {"distance": "1.00", "checkpoint_b": 8, "checkpoint_a": 5}}, {"pk": 4, "model": "races.routeleg", "fields": {"distance": "1.00", "checkpoint_b": 9, "checkpoint_a": 5}}, {"pk": 5, "model": "races.routeleg", "fields": {"distance": "0.40", "checkpoint_b": 10, "checkpoint_a": 5}}, {"pk": 6, "model": "races.routeleg", "fields": {"distance": "1.10", "checkpoint_b": 11, "checkpoint_a": 5}}, {"pk": 7, "model": "races.routeleg", "fields": {"distance": "1.80", "checkpoint_b": 7, "checkpoint_a": 6}}, {"pk": 8, "model": "races.routeleg", "fields": {"distance": "0.30", "checkpoint_b": 8, "checkpoint_a": 6}}, {"pk": 9, "model": "races.routeleg", "fields": {"distance": "0.90", "checkpoint_b": 9, "checkpoint_a": 6}}, {"pk": 10, "model": "races.routeleg", "fields": {"distance": "1.10", "checkpoint_b": 10, "checkpoint_a": 6}}, {"pk": 11, "model": "races.routeleg", "fields": {"distance": "1.40", "checkpoint_b": 11, "checkpoint_a": 6}}, {"pk": 12, "model": "races.routeleg", "fields": {"distance": "1.50", "checkpoint_b": 12, "checkpoint_a": 6}}, {"pk": 13, "model": "races.routeleg", "fields": {"distance": "0.80", "checkpoint_b": 5, "checkpoint_a": 6}}, {"pk": 14, "model": "races.routeleg", "fields": {"distance": "1.40", "checkpoint_b": 5, "checkpoint_a": 7}}, {"pk": 15, "model": "races.routeleg", "fields": {"distance": "1.80", "checkpoint_b": 6, "checkpoint_a": 7}}, {"pk": 16, "model": "races.routeleg", "fields": {"distance": "2.10", "checkpoint_b": 8, "checkpoint_a": 7}}, {"pk": 17, "model": "races.routeleg", "fields": {"distance": "1.20", "checkpoint_b": 9, "checkpoint_a": 7}}, {"pk": 18, "model": "races.routeleg", "fields": {"distance": "1.10", "checkpoint_b": 10, "checkpoint_a": 7}}, {"pk": 19, "model": "races.routeleg", "fields": {"distance": "0.50", "checkpoint_b": 11, "checkpoint_a": 7}}, {"pk": 20, "model": "races.routeleg", "fields": {"distance": "1.40", "checkpoint_b": 12, "checkpoint_a": 7}}, {"pk": 21, "model": "races.routeleg", "fields": {"distance": "1.00", "checkpoint_b": 5, "checkpoint_a": 9}}, {"pk": 22, "model": "races.routeleg", "fields": {"distance": "0.90", "checkpoint_b": 6, "checkpoint_a": 9}}, {"pk": 23, "model": "races.routeleg", "fields": {"distance": "1.20", "checkpoint_b": 7, "checkpoint_a": 9}}, {"pk": 24, "model": "races.routeleg", "fields": {"distance": "0.60", "checkpoint_b": 10, "checkpoint_a": 9}}, {"pk": 25, "model": "races.routeleg", "fields": {"distance": "1.00", "checkpoint_b": 11, "checkpoint_a": 9}}, {"pk": 26, "model": "races.routeleg", "fields": {"distance": "1.00", "checkpoint_b": 12, "checkpoint_a": 9}}, {"pk": 27, "model": "races.routeleg", "fields": {"distance": "0.90", "checkpoint_b": 8, "checkpoint_a": 9}}, {"pk": 28, "model": "races.routeleg", "fields": {"distance": "0.80", "checkpoint_b": 12, "checkpoint_a": 5}}, {"pk": 29, "model": "races.routeleg", "fields": {"distance": "0.80", "checkpoint_b": 5, "checkpoint_a": 12}}, {"pk": 30, "model": "races.routeleg", "fields": {"distance": "1.50", "checkpoint_b": 6, "checkpoint_a": 12}}, {"pk": 31, "model": "races.routeleg", "fields": {"distance": "1.40", "checkpoint_b": 7, "checkpoint_a": 12}}, {"pk": 32, "model": "races.routeleg", "fields": {"distance": "1.80", "checkpoint_b": 8, "checkpoint_a": 12}}, {"pk": 33, "model": "races.routeleg", "fields": {"distance": "1.00", "checkpoint_b": 9, "checkpoint_a": 12}}, {"pk": 34, "model": "races.routeleg", "fields": {"distance": "0.40", "checkpoint_b": 10, "checkpoint_a": 12}}, {"pk": 35, "model": "races.routeleg", "fields": {"distance": "1.00", "checkpoint_b": 11, "checkpoint_a": 12}}, {"pk": 36, "model": "races.routeleg", "fields": {"distance": "0.40", "checkpoint_b": 12, "checkpoint_a": 10}}, {"pk": 37, "model": "races.routeleg", "fields": {"distance": "0.60", "checkpoint_b": 9, "checkpoint_a": 10}}, {"pk": 38, "model": "races.routeleg", "fields": {"distance": "1.10", "checkpoint_b": 7, "checkpoint_a": 10}}, {"pk": 39, "model": "races.routeleg", "fields": {"distance": "1.10", "checkpoint_b": 6, "checkpoint_a": 10}}, {"pk": 40, "model": "races.routeleg", "fields": {"distance": "0.40", "checkpoint_b": 5, "checkpoint_a": 10}}, {"pk": 41, "model": "races.routeleg", "fields": {"distance": "1.40", "checkpoint_b": 8, "checkpoint_a": 10}}, {"pk": 42, "model": "races.routeleg", "fields": {"distance": "0.70", "checkpoint_b": 11, "checkpoint_a": 10}}, {"pk": 43, "model": "races.routeleg", "fields": {"distance": "1.20", "checkpoint_b": 13, "checkpoint_a": 10}}, {"pk": 44, "model": "races.routeleg", "fields": {"distance": "0.60", "checkpoint_b": 14, "checkpoint_a": 10}}, {"pk": 45, "model": "races.routeleg", "fields": {"distance": "0.70", "checkpoint_b": 10, "checkpoint_a": 11}}, {"pk": 46, "model": "races.routeleg", "fields": {"distance": "1.00", "checkpoint_b": 12, "checkpoint_a": 11}}, {"pk": 47, "model": "races.routeleg", "fields": {"distance": "1.00", "checkpoint_b": 9, "checkpoint_a": 11}}, {"pk": 48, "model": "races.routeleg", "fields": {"distance": "0.50", "checkpoint_b": 7, "checkpoint_a": 11}}, {"pk": 49, "model": "races.routeleg", "fields": {"distance": "1.40", "checkpoint_b": 6, "checkpoint_a": 11}}, {"pk": 50, "model": "races.routeleg", "fields": {"distance": "1.10", "checkpoint_b": 5, "checkpoint_a": 11}}, {"pk": 51, "model": "races.routeleg", "fields": {"distance": "1.80", "checkpoint_b": 8, "checkpoint_a": 11}}, {"pk": 52, "model": "races.routeleg", "fields": {"distance": "0.30", "checkpoint_b": 14, "checkpoint_a": 11}}, {"pk": 53, "model": "races.routeleg", "fields": {"distance": "1.40", "checkpoint_b": 13, "checkpoint_a": 11}}, {"pk": 54, "model": "races.routeleg", "fields": {"distance": "0.70", "checkpoint_b": 14, "checkpoint_a": 12}}, {"pk": 55, "model": "races.routeleg", "fields": {"distance": "1.50", "checkpoint_b": 13, "checkpoint_a": 12}}, {"pk": 56, "model": "races.routeleg", "fields": {"distance": "1.10", "checkpoint_b": 14, "checkpoint_a": 5}}, {"pk": 57, "model": "races.routeleg", "fields": {"distance": "1.00", "checkpoint_b": 13, "checkpoint_a": 5}}, {"pk": 58, "model": "races.routeleg", "fields": {"distance": "0.50", "checkpoint_b": 13, "checkpoint_a": 9}}, {"pk": 59, "model": "races.routeleg", "fields": {"distance": "1.20", "checkpoint_b": 14, "checkpoint_a": 9}}, {"pk": 60, "model": "races.routeleg", "fields": {"distance": "0.60", "checkpoint_b": 14, "checkpoint_a": 7}}, {"pk": 61, "model": "races.routeleg", "fields": {"distance": "1.70", "checkpoint_b": 13, "checkpoint_a": 7}}, {"pk": 62, "model": "races.routeleg", "fields": {"distance": "0.80", "checkpoint_b": 13, "checkpoint_a": 6}}, {"pk": 63, "model": "races.routeleg", "fields": {"distance": "1.70", "checkpoint_b": 14, "checkpoint_a": 6}}, {"pk": 64, "model": "races.routeleg", "fields": {"distance": "1.10", "checkpoint_b": 5, "checkpoint_a": 14}}, {"pk": 65, "model": "races.routeleg", "fields": {"distance": "1.70", "checkpoint_b": 6, "checkpoint_a": 14}}, {"pk": 66, "model": "races.routeleg", "fields": {"distance": "0.60", "checkpoint_b": 7, "checkpoint_a": 14}}, {"pk": 67, "model": "races.routeleg", "fields": {"distance": "1.20", "checkpoint_b": 9, "checkpoint_a": 14}}, {"pk": 68, "model": "races.routeleg", "fields": {"distance": "0.60", "checkpoint_b": 10, "checkpoint_a": 14}}, {"pk": 69, "model": "races.routeleg", "fields": {"distance": "0.30", "checkpoint_b": 11, "checkpoint_a": 14}}, {"pk": 70, "model": "races.routeleg", "fields": {"distance": "0.70", "checkpoint_b": 12, "checkpoint_a": 14}}, {"pk": 71, "model": "races.routeleg", "fields": {"distance": "1.00", "checkpoint_b": 5, "checkpoint_a": 13}}, {"pk": 72, "model": "races.routeleg", "fields": {"distance": "0.80", "checkpoint_b": 6, "checkpoint_a": 13}}, {"pk": 73, "model": "races.routeleg", "fields": {"distance": "1.70", "checkpoint_b": 7, "checkpoint_a": 13}}, {"pk": 74, "model": "races.routeleg", "fields": {"distance": "0.50", "checkpoint_b": 9, "checkpoint_a": 13}}, {"pk": 75, "model": "races.routeleg", "fields": {"distance": "1.20", "checkpoint_b": 10, "checkpoint_a": 13}}, {"pk": 76, "model": "races.routeleg", "fields": {"distance": "1.40", "checkpoint_b": 11, "checkpoint_a": 13}}, {"pk": 77, "model": "races.routeleg", "fields": {"distance": "1.50", "checkpoint_b": 12, "checkpoint_a": 13}}, {"pk": 78, "model": "races.routeleg", "fields": {"distance": "2.00", "checkpoint_b": 8, "checkpoint_a": 14}}, {"pk": 79, "model": "races.routeleg", "fields": {"distance": "1.60", "checkpoint_b": 13, "checkpoint_a": 14}}, {"pk": 80, "model": "races.routeleg", "fields": {"distance": "1.60", "checkpoint_b": 14, "checkpoint_a": 13}}, {"pk": 81, "model": "races.routeleg", "fields": {"distance": "0.60", "checkpoint_b": 8, "checkpoint_a": 13}}, {"pk": 82, "model": "races.routeleg", "fields": {"distance": "1.10", "checkpoint_b": 15, "checkpoint_a": 5}}, {"pk": 83, "model": "races.routeleg", "fields": {"distance": "1.60", "checkpoint_b": 15, "checkpoint_a": 6}}, {"pk": 84, "model": "races.routeleg", "fields": {"distance": "0.60", "checkpoint_b": 15, "checkpoint_a": 7}}, {"pk": 85, "model": "races.routeleg", "fields": {"distance": "2.00", "checkpoint_b": 15, "checkpoint_a": 8}}, {"pk": 86, "model": "races.routeleg", "fields": {"distance": "1.10", "checkpoint_b": 15, "checkpoint_a": 9}}, {"pk": 87, "model": "races.routeleg", "fields": {"distance": "0.60", "checkpoint_b": 15, "checkpoint_a": 10}}, {"pk": 88, "model": "races.routeleg", "fields": {"distance": "0.20", "checkpoint_b": 15, "checkpoint_a": 11}}, {"pk": 89, "model": "races.routeleg", "fields": {"distance": "0.80", "checkpoint_b": 15, "checkpoint_a": 12}}, {"pk": 90, "model": "races.routeleg", "fields": {"distance": "1.60", "checkpoint_b": 15, "checkpoint_a": 13}}, {"pk": 91, "model": "races.routeleg", "fields": {"distance": "0.10", "checkpoint_b": 15, "checkpoint_a": 14}}, {"pk": 92, "model": "races.routeleg", "fields": {"distance": "0.40", "checkpoint_b": 15, "checkpoint_a": 16}}, {"pk": 93, "model": "races.routeleg", "fields": {"distance": "0.80", "checkpoint_b": 16, "checkpoint_a": 5}}, {"pk": 94, "model": "races.routeleg", "fields": {"distance": "1.20", "checkpoint_b": 16, "checkpoint_a": 6}}, {"pk": 95, "model": "races.routeleg", "fields": {"distance": "0.80", "checkpoint_b": 16, "checkpoint_a": 7}}, {"pk": 96, "model": "races.routeleg", "fields": {"distance": "1.60", "checkpoint_b": 16, "checkpoint_a": 8}}, {"pk": 97, "model": "races.routeleg", "fields": {"distance": "0.70", "checkpoint_b": 16, "checkpoint_a": 9}}, {"pk": 98, "model": "races.routeleg", "fields": {"distance": "0.40", "checkpoint_b": 16, "checkpoint_a": 10}}, {"pk": 99, "model": "races.routeleg", "fields": {"distance": "0.30", "checkpoint_b": 16, "checkpoint_a": 11}}, {"pk": 100, "model": "races.routeleg", "fields": {"distance": "0.70", "checkpoint_b": 16, "checkpoint_a": 12}}, {"pk": 101, "model": "races.routeleg", "fields": {"distance": "1.20", "checkpoint_b": 16, "checkpoint_a": 13}}, {"pk": 102, "model": "races.routeleg", "fields": {"distance": "0.50", "checkpoint_b": 16, "checkpoint_a": 14}}, {"pk": 103, "model": "races.routeleg", "fields": {"distance": "0.40", "checkpoint_b": 16, "checkpoint_a": 15}}, {"pk": 104, "model": "races.routeleg", "fields": {"distance": "0.80", "checkpoint_b": 5, "checkpoint_a": 16}}, {"pk": 105, "model": "races.routeleg", "fields": {"distance": "1.20", "checkpoint_b": 6, "checkpoint_a": 16}}, {"pk": 106, "model": "races.routeleg", "fields": {"distance": "0.80", "checkpoint_b": 7, "checkpoint_a": 16}}, {"pk": 107, "model": "races.routeleg", "fields": {"distance": "1.60", "checkpoint_b": 8, "checkpoint_a": 16}}, {"pk": 108, "model": "races.routeleg", "fields": {"distance": "0.70", "checkpoint_b": 9, "checkpoint_a": 16}}, {"pk": 109, "model": "races.routeleg", "fields": {"distance": "0.40", "checkpoint_b": 10, "checkpoint_a": 16}}, {"pk": 110, "model": "races.routeleg", "fields": {"distance": "0.30", "checkpoint_b": 11, "checkpoint_a": 16}}, {"pk": 111, "model": "races.routeleg", "fields": {"distance": "0.70", "checkpoint_b": 12, "checkpoint_a": 16}}, {"pk": 112, "model": "races.routeleg", "fields": {"distance": "1.20", "checkpoint_b": 13, "checkpoint_a": 16}}, {"pk": 113, "model": "races.routeleg", "fields": {"distance": "0.50", "checkpoint_b": 14, "checkpoint_a": 16}}, {"pk": 114, "model": "races.routeleg", "fields": {"distance": "0.40", "checkpoint_b": 15, "checkpoint_a": 16}}, {"pk": 115, "model": "races.routeleg", "fields": {"distance": "1.10", "checkpoint_b": 5, "checkpoint_a": 15}}, {"pk": 116, "model": "races.routeleg", "fields": {"distance": "1.60", "checkpoint_b": 6, "checkpoint_a": 15}}, {"pk": 117, "model": "races.routeleg", "fields": {"distance": "0.60", "checkpoint_b": 7, "checkpoint_a": 15}}, {"pk": 118, "model": "races.routeleg", "fields": {"distance": "2.00", "checkpoint_b": 8, "checkpoint_a": 15}}, {"pk": 119, "model": "races.routeleg", "fields": {"distance": "1.10", "checkpoint_b": 9, "checkpoint_a": 15}}, {"pk": 120, "model": "races.routeleg", "fields": {"distance": "0.60", "checkpoint_b": 10, "checkpoint_a": 15}}, {"pk": 121, "model": "races.routeleg", "fields": {"distance": "0.20", "checkpoint_b": 11, "checkpoint_a": 15}}, {"pk": 122, "model": "races.routeleg", "fields": {"distance": "0.80", "checkpoint_b": 12, "checkpoint_a": 15}}, {"pk": 123, "model": "races.routeleg", "fields": {"distance": "1.60", "checkpoint_b": 13, "checkpoint_a": 15}}, {"pk": 124, "model": "races.routeleg", "fields": {"distance": "0.10", "checkpoint_b": 14, "checkpoint_a": 15}}, {"pk": 125, "model": "races.routeleg", "fields": {"distance": "0.40", "checkpoint_b": 16, "checkpoint_a": 15}}, {"pk": 966, "model": "races.routelegnode", "fields": {"routeleg": 82, "parent_route": 113, "order": 0}}, {"pk": 1136, "model": "races.routelegnode", "fields": {"routeleg": 4, "parent_route": 133, "order": 0}}, {"pk": 1146, "model": "races.routelegnode", "fields": {"routeleg": 4, "parent_route": 134, "order": 0}}, {"pk": 1157, "model": "races.routelegnode", "fields": {"routeleg": 4, "parent_route": 135, "order": 0}}, {"pk": 1169, "model": "races.routelegnode", "fields": {"routeleg": 5, "parent_route": 137, "order": 0}}, {"pk": 1180, "model": "races.routelegnode", "fields": {"routeleg": 5, "parent_route": 138, "order": 0}}, {"pk": 1192, "model": "races.routelegnode", "fields": {"routeleg": 6, "parent_route": 140, "order": 0}}, {"pk": 1201, "model": "races.routelegnode", "fields": {"routeleg": 6, "parent_route": 141, "order": 0}}, {"pk": 1210, "model": "races.routelegnode", "fields": {"routeleg": 6, "parent_route": 142, "order": 0}}, {"pk": 1220, "model": "races.routelegnode", "fields": {"routeleg": 6, "parent_route": 143, "order": 0}}, {"pk": 1229, "model": "races.routelegnode", "fields": {"routeleg": 6, "parent_route": 144, "order": 0}}, {"pk": 1240, "model": "races.routelegnode", "fields": {"routeleg": 6, "parent_route": 145, "order": 0}}, {"pk": 1251, "model": "races.routelegnode", "fields": {"routeleg": 6, "parent_route": 146, "order": 0}}, {"pk": 1261, "model": "races.routelegnode", "fields": {"routeleg": 6, "parent_route": 147, "order": 0}}, {"pk": 1124, "model": "races.routelegnode", "fields": {"routeleg": 1, "parent_route": 131, "order": 0}}, {"pk": 1114, "model": "races.routelegnode", "fields": {"routeleg": 1, "parent_route": 130, "order": 0}}, {"pk": 1105, "model": "races.routelegnode", "fields": {"routeleg": 1, "parent_route": 129, "order": 0}}, {"pk": 975, "model": "races.routelegnode", "fields": {"routeleg": 82, "parent_route": 114, "order": 0}}, {"pk": 987, "model": "races.routelegnode", "fields": {"routeleg": 93, "parent_route": 116, "order": 0}}, {"pk": 997, "model": "races.routelegnode", "fields": {"routeleg": 93, "parent_route": 117, "order": 0}}, {"pk": 1005, "model": "races.routelegnode", "fields": {"routeleg": 93, "parent_route": 118, "order": 0}}, {"pk": 1014, "model": "races.routelegnode", "fields": {"routeleg": 93, "parent_route": 119, "order": 0}}, {"pk": 1025, "model": "races.routelegnode", "fields": {"routeleg": 93, "parent_route": 120, "order": 0}}, {"pk": 1036, "model": "races.routelegnode", "fields": {"routeleg": 93, "parent_route": 121, "order": 0}}, {"pk": 1045, "model": "races.routelegnode", "fields": {"routeleg": 93, "parent_route": 122, "order": 0}}, {"pk": 1056, "model": "races.routelegnode", "fields": {"routeleg": 93, "parent_route": 123, "order": 0}}, {"pk": 1066, "model": "races.routelegnode", "fields": {"routeleg": 93, "parent_route": 124, "order": 0}}, {"pk": 1074, "model": "races.routelegnode", "fields": {"routeleg": 93, "parent_route": 125, "order": 0}}, {"pk": 1083, "model": "races.routelegnode", "fields": {"routeleg": 93, "parent_route": 126, "order": 0}}, {"pk": 1095, "model": "races.routelegnode", "fields": {"routeleg": 1, "parent_route": 128, "order": 0}}, {"pk": 1270, "model": "races.routelegnode", "fields": {"routeleg": 6, "parent_route": 148, "order": 0}}, {"pk": 1282, "model": "races.routelegnode", "fields": {"routeleg": 57, "parent_route": 150, "order": 0}}, {"pk": 1450, "model": "races.routelegnode", "fields": {"routeleg": 93, "parent_route": 169, "order": 0}}, {"pk": 1459, "model": "races.routelegnode", "fields": {"routeleg": 93, "parent_route": 170, "order": 0}}, {"pk": 1470, "model": "races.routelegnode", "fields": {"routeleg": 93, "parent_route": 171, "order": 0}}, {"pk": 1480, "model": "races.routelegnode", "fields": {"routeleg": 93, "parent_route": 172, "order": 0}}, {"pk": 1490, "model": "races.routelegnode", "fields": {"routeleg": 93, "parent_route": 173, "order": 0}}, {"pk": 1501, "model": "races.routelegnode", "fields": {"routeleg": 93, "parent_route": 174, "order": 0}}, {"pk": 1510, "model": "races.routelegnode", "fields": {"routeleg": 93, "parent_route": 175, "order": 0}}, {"pk": 1521, "model": "races.routelegnode", "fields": {"routeleg": 93, "parent_route": 176, "order": 0}}, {"pk": 1530, "model": "races.routelegnode", "fields": {"routeleg": 93, "parent_route": 177, "order": 0}}, {"pk": 1540, "model": "races.routelegnode", "fields": {"routeleg": 93, "parent_route": 178, "order": 0}}, {"pk": 1551, "model": "races.routelegnode", "fields": {"routeleg": 93, "parent_route": 179, "order": 0}}, {"pk": 1560, "model": "races.routelegnode", "fields": {"routeleg": 93, "parent_route": 180, "order": 0}}, {"pk": 1570, "model": "races.routelegnode", "fields": {"routeleg": 93, "parent_route": 181, "order": 0}}, {"pk": 1440, "model": "races.routelegnode", "fields": {"routeleg": 93, "parent_route": 168, "order": 0}}, {"pk": 1431, "model": "races.routelegnode", "fields": {"routeleg": 93, "parent_route": 167, "order": 0}}, {"pk": 1419, "model": "races.routelegnode", "fields": {"routeleg": 82, "parent_route": 165, "order": 0}}, {"pk": 1292, "model": "races.routelegnode", "fields": {"routeleg": 57, "parent_route": 151, "order": 0}}, {"pk": 1304, "model": "races.routelegnode", "fields": {"routeleg": 82, "parent_route": 153, "order": 0}}, {"pk": 1313, "model": "races.routelegnode", "fields": {"routeleg": 82, "parent_route": 154, "order": 0}}, {"pk": 1323, "model": "races.routelegnode", "fields": {"routeleg": 82, "parent_route": 155, "order": 0}}, {"pk": 1332, "model": "races.routelegnode", "fields": {"routeleg": 82, "parent_route": 156, "order": 0}}, {"pk": 1343, "model": "races.routelegnode", "fields": {"routeleg": 82, "parent_route": 157, "order": 0}}, {"pk": 1353, "model": "races.routelegnode", "fields": {"routeleg": 82, "parent_route": 158, "order": 0}}, {"pk": 1361, "model": "races.routelegnode", "fields": {"routeleg": 82, "parent_route": 159, "order": 0}}, {"pk": 1370, "model": "races.routelegnode", "fields": {"routeleg": 82, "parent_route": 160, "order": 0}}, {"pk": 1380, "model": "races.routelegnode", "fields": {"routeleg": 82, "parent_route": 161, "order": 0}}, {"pk": 1391, "model": "races.routelegnode", "fields": {"routeleg": 82, "parent_route": 162, "order": 0}}, {"pk": 1400, "model": "races.routelegnode", "fields": {"routeleg": 82, "parent_route": 163, "order": 0}}, {"pk": 1410, "model": "races.routelegnode", "fields": {"routeleg": 82, "parent_route": 164, "order": 0}}, {"pk": 1579, "model": "races.routelegnode", "fields": {"routeleg": 93, "parent_route": 182, "order": 0}}, {"pk": 7, "model": "races.routelegnode", "fields": {"routeleg": 1, "parent_route": 2, "order": 0}}, {"pk": 189, "model": "races.routelegnode", "fields": {"routeleg": 28, "parent_route": 23, "order": 0}}, {"pk": 200, "model": "races.routelegnode", "fields": {"routeleg": 28, "parent_route": 24, "order": 0}}, {"pk": 208, "model": "races.routelegnode", "fields": {"routeleg": 28, "parent_route": 25, "order": 0}}, {"pk": 217, "model": "races.routelegnode", "fields": {"routeleg": 28, "parent_route": 26, "order": 0}}, {"pk": 227, "model": "races.routelegnode", "fields": {"routeleg": 28, "parent_route": 27, "order": 0}}, {"pk": 236, "model": "races.routelegnode", "fields": {"routeleg": 28, "parent_route": 28, "order": 0}}, {"pk": 248, "model": "races.routelegnode", "fields": {"routeleg": 56, "parent_route": 30, "order": 0}}, {"pk": 256, "model": "races.routelegnode", "fields": {"routeleg": 56, "parent_route": 31, "order": 0}}, {"pk": 267, "model": "races.routelegnode", "fields": {"routeleg": 56, "parent_route": 32, "order": 0}}, {"pk": 277, "model": "races.routelegnode", "fields": {"routeleg": 56, "parent_route": 33, "order": 0}}, {"pk": 287, "model": "races.routelegnode", "fields": {"routeleg": 56, "parent_route": 34, "order": 0}}, {"pk": 295, "model": "races.routelegnode", "fields": {"routeleg": 56, "parent_route": 35, "order": 0}}, {"pk": 306, "model": "races.routelegnode", "fields": {"routeleg": 56, "parent_route": 36, "order": 0}}, {"pk": 179, "model": "races.routelegnode", "fields": {"routeleg": 28, "parent_route": 22, "order": 0}}, {"pk": 168, "model": "races.routelegnode", "fields": {"routeleg": 28, "parent_route": 21, "order": 0}}, {"pk": 158, "model": "races.routelegnode", "fields": {"routeleg": 28, "parent_route": 20, "order": 0}}, {"pk": 17, "model": "races.routelegnode", "fields": {"routeleg": 1, "parent_route": 3, "order": 0}}, {"pk": 29, "model": "races.routelegnode", "fields": {"routeleg": 4, "parent_route": 5, "order": 0}}, {"pk": 40, "model": "races.routelegnode", "fields": {"routeleg": 4, "parent_route": 6, "order": 0}}, {"pk": 52, "model": "races.routelegnode", "fields": {"routeleg": 5, "parent_route": 8, "order": 0}}, {"pk": 63, "model": "races.routelegnode", "fields": {"routeleg": 5, "parent_route": 9, "order": 0}}, {"pk": 75, "model": "races.routelegnode", "fields": {"routeleg": 6, "parent_route": 11, "order": 0}}, {"pk": 86, "model": "races.routelegnode", "fields": {"routeleg": 6, "parent_route": 12, "order": 0}}, {"pk": 96, "model": "races.routelegnode", "fields": {"routeleg": 6, "parent_route": 13, "order": 0}}, {"pk": 107, "model": "races.routelegnode", "fields": {"routeleg": 6, "parent_route": 14, "order": 0}}, {"pk": 117, "model": "races.routelegnode", "fields": {"routeleg": 6, "parent_route": 15, "order": 0}}, {"pk": 128, "model": "races.routelegnode", "fields": {"routeleg": 6, "parent_route": 16, "order": 0}}, {"pk": 136, "model": "races.routelegnode", "fields": {"routeleg": 6, "parent_route": 17, "order": 0}}, {"pk": 146, "model": "races.routelegnode", "fields": {"routeleg": 6, "parent_route": 18, "order": 0}}, {"pk": 316, "model": "races.routelegnode", "fields": {"routeleg": 56, "parent_route": 37, "order": 0}}, {"pk": 958, "model": "races.routelegnode", "fields": {"routeleg": 82, "parent_route": 112, "order": 0}}, {"pk": 830, "model": "races.routelegnode", "fields": {"routeleg": 6, "parent_route": 98, "order": 0}}, {"pk": 839, "model": "races.routelegnode", "fields": {"routeleg": 6, "parent_route": 99, "order": 0}}, {"pk": 848, "model": "races.routelegnode", "fields": {"routeleg": 6, "parent_route": 100, "order": 0}}, {"pk": 858, "model": "races.routelegnode", "fields": {"routeleg": 6, "parent_route": 101, "order": 0}}, {"pk": 867, "model": "races.routelegnode", "fields": {"routeleg": 6, "parent_route": 102, "order": 0}}, {"pk": 879, "model": "races.routelegnode", "fields": {"routeleg": 82, "parent_route": 104, "order": 0}}, {"pk": 889, "model": "races.routelegnode", "fields": {"routeleg": 82, "parent_route": 105, "order": 0}}, {"pk": 897, "model": "races.routelegnode", "fields": {"routeleg": 82, "parent_route": 106, "order": 0}}, {"pk": 906, "model": "races.routelegnode", "fields": {"routeleg": 82, "parent_route": 107, "order": 0}}, {"pk": 917, "model": "races.routelegnode", "fields": {"routeleg": 82, "parent_route": 108, "order": 0}}, {"pk": 927, "model": "races.routelegnode", "fields": {"routeleg": 82, "parent_route": 109, "order": 0}}, {"pk": 937, "model": "races.routelegnode", "fields": {"routeleg": 82, "parent_route": 110, "order": 0}}, {"pk": 948, "model": "races.routelegnode", "fields": {"routeleg": 82, "parent_route": 111, "order": 0}}, {"pk": 820, "model": "races.routelegnode", "fields": {"routeleg": 6, "parent_route": 97, "order": 0}}, {"pk": 808, "model": "races.routelegnode", "fields": {"routeleg": 5, "parent_route": 95, "order": 0}}, {"pk": 797, "model": "races.routelegnode", "fields": {"routeleg": 5, "parent_route": 94, "order": 0}}, {"pk": 324, "model": "races.routelegnode", "fields": {"routeleg": 56, "parent_route": 38, "order": 0}}, {"pk": 334, "model": "races.routelegnode", "fields": {"routeleg": 56, "parent_route": 39, "order": 0}}, {"pk": 344, "model": "races.routelegnode", "fields": {"routeleg": 56, "parent_route": 40, "order": 0}}, {"pk": 355, "model": "races.routelegnode", "fields": {"routeleg": 56, "parent_route": 41, "order": 0}}, {"pk": 365, "model": "races.routelegnode", "fields": {"routeleg": 56, "parent_route": 42, "order": 0}}, {"pk": 374, "model": "races.routelegnode", "fields": {"routeleg": 56, "parent_route": 43, "order": 0}}, {"pk": 386, "model": "races.routelegnode", "fields": {"routeleg": 57, "parent_route": 45, "order": 0}}, {"pk": 726, "model": "races.routelegnode", "fields": {"routeleg": 1, "parent_route": 85, "order": 0}}, {"pk": 785, "model": "races.routelegnode", "fields": {"routeleg": 4, "parent_route": 92, "order": 0}}, {"pk": 773, "model": "races.routelegnode", "fields": {"routeleg": 1, "parent_route": 90, "order": 0}}, {"pk": 764, "model": "races.routelegnode", "fields": {"routeleg": 1, "parent_route": 89, "order": 0}}, {"pk": 754, "model": "races.routelegnode", "fields": {"routeleg": 1, "parent_route": 88, "order": 0}}, {"pk": 745, "model": "races.routelegnode", "fields": {"routeleg": 1, "parent_route": 87, "order": 0}}, {"pk": 736, "model": "races.routelegnode", "fields": {"routeleg": 1, "parent_route": 86, "order": 0}}, {"pk": 1193, "model": "races.routelegnode", "fields": {"routeleg": 45, "parent_route": 140, "order": 1}}, {"pk": 1181, "model": "races.routelegnode", "fields": {"routeleg": 87, "parent_route": 138, "order": 1}}, {"pk": 1170, "model": "races.routelegnode", "fields": {"routeleg": 42, "parent_route": 137, "order": 1}}, {"pk": 1158, "model": "races.routelegnode", "fields": {"routeleg": 97, "parent_route": 135, "order": 1}}, {"pk": 1147, "model": "races.routelegnode", "fields": {"routeleg": 86, "parent_route": 134, "order": 1}}, {"pk": 1137, "model": "races.routelegnode", "fields": {"routeleg": 86, "parent_route": 133, "order": 1}}, {"pk": 1202, "model": "races.routelegnode", "fields": {"routeleg": 45, "parent_route": 141, "order": 1}}, {"pk": 1211, "model": "races.routelegnode", "fields": {"routeleg": 45, "parent_route": 142, "order": 1}}, {"pk": 1221, "model": "races.routelegnode", "fields": {"routeleg": 45, "parent_route": 143, "order": 1}}, {"pk": 1230, "model": "races.routelegnode", "fields": {"routeleg": 45, "parent_route": 144, "order": 1}}, {"pk": 1241, "model": "races.routelegnode", "fields": {"routeleg": 47, "parent_route": 145, "order": 1}}, {"pk": 1252, "model": "races.routelegnode", "fields": {"routeleg": 99, "parent_route": 146, "order": 1}}, {"pk": 1262, "model": "races.routelegnode", "fields": {"routeleg": 99, "parent_route": 147, "order": 1}}, {"pk": 1271, "model": "races.routelegnode", "fields": {"routeleg": 99, "parent_route": 148, "order": 1}}, {"pk": 1125, "model": "races.routelegnode", "fields": {"routeleg": 10, "parent_route": 131, "order": 1}}, {"pk": 1115, "model": "races.routelegnode", "fields": {"routeleg": 10, "parent_route": 130, "order": 1}}, {"pk": 1106, "model": "races.routelegnode", "fields": {"routeleg": 10, "parent_route": 129, "order": 1}}, {"pk": 976, "model": "races.routelegnode", "fields": {"routeleg": 125, "parent_route": 114, "order": 1}}, {"pk": 988, "model": "races.routelegnode", "fields": {"routeleg": 92, "parent_route": 116, "order": 1}}, {"pk": 998, "model": "races.routelegnode", "fields": {"routeleg": 92, "parent_route": 117, "order": 1}}, {"pk": 1006, "model": "races.routelegnode", "fields": {"routeleg": 92, "parent_route": 118, "order": 1}}, {"pk": 1015, "model": "races.routelegnode", "fields": {"routeleg": 92, "parent_route": 119, "order": 1}}, {"pk": 1026, "model": "races.routelegnode", "fields": {"routeleg": 108, "parent_route": 120, "order": 1}}, {"pk": 1037, "model": "races.routelegnode", "fields": {"routeleg": 109, "parent_route": 121, "order": 1}}, {"pk": 1046, "model": "races.routelegnode", "fields": {"routeleg": 109, "parent_route": 122, "order": 1}}, {"pk": 1057, "model": "races.routelegnode", "fields": {"routeleg": 114, "parent_route": 123, "order": 1}}, {"pk": 1067, "model": "races.routelegnode", "fields": {"routeleg": 114, "parent_route": 124, "order": 1}}, {"pk": 1075, "model": "races.routelegnode", "fields": {"routeleg": 114, "parent_route": 125, "order": 1}}, {"pk": 1084, "model": "races.routelegnode", "fields": {"routeleg": 114, "parent_route": 126, "order": 1}}, {"pk": 1096, "model": "races.routelegnode", "fields": {"routeleg": 10, "parent_route": 128, "order": 1}}, {"pk": 967, "model": "races.routelegnode", "fields": {"routeleg": 125, "parent_route": 113, "order": 1}}, {"pk": 1283, "model": "races.routelegnode", "fields": {"routeleg": 74, "parent_route": 150, "order": 1}}, {"pk": 1451, "model": "races.routelegnode", "fields": {"routeleg": 92, "parent_route": 169, "order": 1}}, {"pk": 1460, "model": "races.routelegnode", "fields": {"routeleg": 92, "parent_route": 170, "order": 1}}, {"pk": 1471, "model": "races.routelegnode", "fields": {"routeleg": 108, "parent_route": 171, "order": 1}}, {"pk": 1481, "model": "races.routelegnode", "fields": {"routeleg": 108, "parent_route": 172, "order": 1}}, {"pk": 1491, "model": "races.routelegnode", "fields": {"routeleg": 108, "parent_route": 173, "order": 1}}, {"pk": 1502, "model": "races.routelegnode", "fields": {"routeleg": 109, "parent_route": 174, "order": 1}}, {"pk": 1511, "model": "races.routelegnode", "fields": {"routeleg": 109, "parent_route": 175, "order": 1}}, {"pk": 1522, "model": "races.routelegnode", "fields": {"routeleg": 110, "parent_route": 176, "order": 1}}, {"pk": 1531, "model": "races.routelegnode", "fields": {"routeleg": 110, "parent_route": 177, "order": 1}}, {"pk": 1541, "model": "races.routelegnode", "fields": {"routeleg": 110, "parent_route": 178, "order": 1}}, {"pk": 1552, "model": "races.routelegnode", "fields": {"routeleg": 114, "parent_route": 179, "order": 1}}, {"pk": 1561, "model": "races.routelegnode", "fields": {"routeleg": 114, "parent_route": 180, "order": 1}}, {"pk": 1571, "model": "races.routelegnode", "fields": {"routeleg": 114, "parent_route": 181, "order": 1}}, {"pk": 1441, "model": "races.routelegnode", "fields": {"routeleg": 92, "parent_route": 168, "order": 1}}, {"pk": 1432, "model": "races.routelegnode", "fields": {"routeleg": 92, "parent_route": 167, "order": 1}}, {"pk": 1420, "model": "races.routelegnode", "fields": {"routeleg": 125, "parent_route": 165, "order": 1}}, {"pk": 1293, "model": "races.routelegnode", "fields": {"routeleg": 74, "parent_route": 151, "order": 1}}, {"pk": 1305, "model": "races.routelegnode", "fields": {"routeleg": 103, "parent_route": 153, "order": 1}}, {"pk": 1314, "model": "races.routelegnode", "fields": {"routeleg": 103, "parent_route": 154, "order": 1}}, {"pk": 1324, "model": "races.routelegnode", "fields": {"routeleg": 103, "parent_route": 155, "order": 1}}, {"pk": 1333, "model": "races.routelegnode", "fields": {"routeleg": 103, "parent_route": 156, "order": 1}}, {"pk": 1344, "model": "races.routelegnode", "fields": {"routeleg": 120, "parent_route": 157, "order": 1}}, {"pk": 1354, "model": "races.routelegnode", "fields": {"routeleg": 120, "parent_route": 158, "order": 1}}, {"pk": 1362, "model": "races.routelegnode", "fields": {"routeleg": 120, "parent_route": 159, "order": 1}}, {"pk": 1371, "model": "races.routelegnode", "fields": {"routeleg": 120, "parent_route": 160, "order": 1}}, {"pk": 1381, "model": "races.routelegnode", "fields": {"routeleg": 120, "parent_route": 161, "order": 1}}, {"pk": 1392, "model": "races.routelegnode", "fields": {"routeleg": 125, "parent_route": 162, "order": 1}}, {"pk": 1401, "model": "races.routelegnode", "fields": {"routeleg": 125, "parent_route": 163, "order": 1}}, {"pk": 1411, "model": "races.routelegnode", "fields": {"routeleg": 125, "parent_route": 164, "order": 1}}, {"pk": 1580, "model": "races.routelegnode", "fields": {"routeleg": 114, "parent_route": 182, "order": 1}}, {"pk": 8, "model": "races.routelegnode", "fields": {"routeleg": 10, "parent_route": 2, "order": 1}}, {"pk": 190, "model": "races.routelegnode", "fields": {"routeleg": 35, "parent_route": 23, "order": 1}}, {"pk": 201, "model": "races.routelegnode", "fields": {"routeleg": 54, "parent_route": 24, "order": 1}}, {"pk": 209, "model": "races.routelegnode", "fields": {"routeleg": 54, "parent_route": 25, "order": 1}}, {"pk": 218, "model": "races.routelegnode", "fields": {"routeleg": 54, "parent_route": 26, "order": 1}}, {"pk": 228, "model": "races.routelegnode", "fields": {"routeleg": 54, "parent_route": 27, "order": 1}}, {"pk": 237, "model": "races.routelegnode", "fields": {"routeleg": 54, "parent_route": 28, "order": 1}}, {"pk": 249, "model": "races.routelegnode", "fields": {"routeleg": 66, "parent_route": 30, "order": 1}}, {"pk": 257, "model": "races.routelegnode", "fields": {"routeleg": 66, "parent_route": 31, "order": 1}}, {"pk": 268, "model": "races.routelegnode", "fields": {"routeleg": 68, "parent_route": 32, "order": 1}}, {"pk": 278, "model": "races.routelegnode", "fields": {"routeleg": 68, "parent_route": 33, "order": 1}}, {"pk": 288, "model": "races.routelegnode", "fields": {"routeleg": 68, "parent_route": 34, "order": 1}}, {"pk": 296, "model": "races.routelegnode", "fields": {"routeleg": 68, "parent_route": 35, "order": 1}}, {"pk": 307, "model": "races.routelegnode", "fields": {"routeleg": 69, "parent_route": 36, "order": 1}}, {"pk": 180, "model": "races.routelegnode", "fields": {"routeleg": 35, "parent_route": 22, "order": 1}}, {"pk": 169, "model": "races.routelegnode", "fields": {"routeleg": 34, "parent_route": 21, "order": 1}}, {"pk": 159, "model": "races.routelegnode", "fields": {"routeleg": 34, "parent_route": 20, "order": 1}}, {"pk": 18, "model": "races.routelegnode", "fields": {"routeleg": 10, "parent_route": 3, "order": 1}}, {"pk": 30, "model": "races.routelegnode", "fields": {"routeleg": 25, "parent_route": 5, "order": 1}}, {"pk": 41, "model": "races.routelegnode", "fields": {"routeleg": 26, "parent_route": 6, "order": 1}}, {"pk": 53, "model": "races.routelegnode", "fields": {"routeleg": 38, "parent_route": 8, "order": 1}}, {"pk": 64, "model": "races.routelegnode", "fields": {"routeleg": 44, "parent_route": 9, "order": 1}}, {"pk": 76, "model": "races.routelegnode", "fields": {"routeleg": 45, "parent_route": 11, "order": 1}}, {"pk": 87, "model": "races.routelegnode", "fields": {"routeleg": 46, "parent_route": 12, "order": 1}}, {"pk": 97, "model": "races.routelegnode", "fields": {"routeleg": 46, "parent_route": 13, "order": 1}}, {"pk": 108, "model": "races.routelegnode", "fields": {"routeleg": 48, "parent_route": 14, "order": 1}}, {"pk": 118, "model": "races.routelegnode", "fields": {"routeleg": 48, "parent_route": 15, "order": 1}}, {"pk": 129, "model": "races.routelegnode", "fields": {"routeleg": 52, "parent_route": 16, "order": 1}}, {"pk": 137, "model": "races.routelegnode", "fields": {"routeleg": 52, "parent_route": 17, "order": 1}}, {"pk": 147, "model": "races.routelegnode", "fields": {"routeleg": 52, "parent_route": 18, "order": 1}}, {"pk": 317, "model": "races.routelegnode", "fields": {"routeleg": 69, "parent_route": 37, "order": 1}}, {"pk": 959, "model": "races.routelegnode", "fields": {"routeleg": 125, "parent_route": 112, "order": 1}}, {"pk": 831, "model": "races.routelegnode", "fields": {"routeleg": 45, "parent_route": 98, "order": 1}}, {"pk": 840, "model": "races.routelegnode", "fields": {"routeleg": 45, "parent_route": 99, "order": 1}}, {"pk": 849, "model": "races.routelegnode", "fields": {"routeleg": 45, "parent_route": 100, "order": 1}}, {"pk": 859, "model": "races.routelegnode", "fields": {"routeleg": 45, "parent_route": 101, "order": 1}}, {"pk": 868, "model": "races.routelegnode", "fields": {"routeleg": 45, "parent_route": 102, "order": 1}}, {"pk": 880, "model": "races.routelegnode", "fields": {"routeleg": 103, "parent_route": 104, "order": 1}}, {"pk": 890, "model": "races.routelegnode", "fields": {"routeleg": 103, "parent_route": 105, "order": 1}}, {"pk": 898, "model": "races.routelegnode", "fields": {"routeleg": 103, "parent_route": 106, "order": 1}}, {"pk": 907, "model": "races.routelegnode", "fields": {"routeleg": 103, "parent_route": 107, "order": 1}}, {"pk": 918, "model": "races.routelegnode", "fields": {"routeleg": 120, "parent_route": 108, "order": 1}}, {"pk": 928, "model": "races.routelegnode", "fields": {"routeleg": 120, "parent_route": 109, "order": 1}}, {"pk": 938, "model": "races.routelegnode", "fields": {"routeleg": 120, "parent_route": 110, "order": 1}}, {"pk": 949, "model": "races.routelegnode", "fields": {"routeleg": 125, "parent_route": 111, "order": 1}}, {"pk": 821, "model": "races.routelegnode", "fields": {"routeleg": 45, "parent_route": 97, "order": 1}}, {"pk": 809, "model": "races.routelegnode", "fields": {"routeleg": 87, "parent_route": 95, "order": 1}}, {"pk": 798, "model": "races.routelegnode", "fields": {"routeleg": 42, "parent_route": 94, "order": 1}}, {"pk": 325, "model": "races.routelegnode", "fields": {"routeleg": 69, "parent_route": 38, "order": 1}}, {"pk": 335, "model": "races.routelegnode", "fields": {"routeleg": 69, "parent_route": 39, "order": 1}}, {"pk": 345, "model": "races.routelegnode", "fields": {"routeleg": 69, "parent_route": 40, "order": 1}}, {"pk": 356, "model": "races.routelegnode", "fields": {"routeleg": 70, "parent_route": 41, "order": 1}}, {"pk": 366, "model": "races.routelegnode", "fields": {"routeleg": 70, "parent_route": 42, "order": 1}}, {"pk": 375, "model": "races.routelegnode", "fields": {"routeleg": 70, "parent_route": 43, "order": 1}}, {"pk": 387, "model": "races.routelegnode", "fields": {"routeleg": 74, "parent_route": 45, "order": 1}}, {"pk": 727, "model": "races.routelegnode", "fields": {"routeleg": 10, "parent_route": 85, "order": 1}}, {"pk": 786, "model": "races.routelegnode", "fields": {"routeleg": 97, "parent_route": 92, "order": 1}}, {"pk": 774, "model": "races.routelegnode", "fields": {"routeleg": 10, "parent_route": 90, "order": 1}}, {"pk": 765, "model": "races.routelegnode", "fields": {"routeleg": 10, "parent_route": 89, "order": 1}}, {"pk": 755, "model": "races.routelegnode", "fields": {"routeleg": 10, "parent_route": 88, "order": 1}}, {"pk": 746, "model": "races.routelegnode", "fields": {"routeleg": 10, "parent_route": 87, "order": 1}}, {"pk": 737, "model": "races.routelegnode", "fields": {"routeleg": 10, "parent_route": 86, "order": 1}}, {"pk": 1194, "model": "races.routelegnode", "fields": {"routeleg": 87, "parent_route": 140, "order": 2}}, {"pk": 1182, "model": "races.routelegnode", "fields": {"routeleg": 119, "parent_route": 138, "order": 2}}, {"pk": 1171, "model": "races.routelegnode", "fields": {"routeleg": 47, "parent_route": 137, "order": 2}}, {"pk": 1159, "model": "races.routelegnode", "fields": {"routeleg": 109, "parent_route": 135, "order": 2}}, {"pk": 1148, "model": "races.routelegnode", "fields": {"routeleg": 125, "parent_route": 134, "order": 2}}, {"pk": 1138, "model": "races.routelegnode", "fields": {"routeleg": 103, "parent_route": 133, "order": 2}}, {"pk": 1203, "model": "races.routelegnode", "fields": {"routeleg": 87, "parent_route": 141, "order": 2}}, {"pk": 1212, "model": "races.routelegnode", "fields": {"routeleg": 87, "parent_route": 142, "order": 2}}, {"pk": 1222, "model": "races.routelegnode", "fields": {"routeleg": 98, "parent_route": 143, "order": 2}}, {"pk": 1231, "model": "races.routelegnode", "fields": {"routeleg": 98, "parent_route": 144, "order": 2}}, {"pk": 1242, "model": "races.routelegnode", "fields": {"routeleg": 97, "parent_route": 145, "order": 2}}, {"pk": 1253, "model": "races.routelegnode", "fields": {"routeleg": 108, "parent_route": 146, "order": 2}}, {"pk": 1263, "model": "races.routelegnode", "fields": {"routeleg": 109, "parent_route": 147, "order": 2}}, {"pk": 1272, "model": "races.routelegnode", "fields": {"routeleg": 109, "parent_route": 148, "order": 2}}, {"pk": 1126, "model": "races.routelegnode", "fields": {"routeleg": 98, "parent_route": 131, "order": 2}}, {"pk": 1116, "model": "races.routelegnode", "fields": {"routeleg": 87, "parent_route": 130, "order": 2}}, {"pk": 1107, "model": "races.routelegnode", "fields": {"routeleg": 87, "parent_route": 129, "order": 2}}, {"pk": 977, "model": "races.routelegnode", "fields": {"routeleg": 109, "parent_route": 114, "order": 2}}, {"pk": 989, "model": "races.routelegnode", "fields": {"routeleg": 119, "parent_route": 116, "order": 2}}, {"pk": 999, "model": "races.routelegnode", "fields": {"routeleg": 120, "parent_route": 117, "order": 2}}, {"pk": 1007, "model": "races.routelegnode", "fields": {"routeleg": 120, "parent_route": 118, "order": 2}}, {"pk": 1016, "model": "races.routelegnode", "fields": {"routeleg": 120, "parent_route": 119, "order": 2}}, {"pk": 1027, "model": "races.routelegnode", "fields": {"routeleg": 24, "parent_route": 120, "order": 2}}, {"pk": 1038, "model": "races.routelegnode", "fields": {"routeleg": 39, "parent_route": 121, "order": 2}}, {"pk": 1047, "model": "races.routelegnode", "fields": {"routeleg": 39, "parent_route": 122, "order": 2}}, {"pk": 1058, "model": "races.routelegnode", "fields": {"routeleg": 119, "parent_route": 123, "order": 2}}, {"pk": 1068, "model": "races.routelegnode", "fields": {"routeleg": 120, "parent_route": 124, "order": 2}}, {"pk": 1076, "model": "races.routelegnode", "fields": {"routeleg": 120, "parent_route": 125, "order": 2}}, {"pk": 1085, "model": "races.routelegnode", "fields": {"routeleg": 120, "parent_route": 126, "order": 2}}, {"pk": 1097, "model": "races.routelegnode", "fields": {"routeleg": 42, "parent_route": 128, "order": 2}}, {"pk": 968, "model": "races.routelegnode", "fields": {"routeleg": 109, "parent_route": 113, "order": 2}}, {"pk": 1284, "model": "races.routelegnode", "fields": {"routeleg": 25, "parent_route": 150, "order": 2}}, {"pk": 1452, "model": "races.routelegnode", "fields": {"routeleg": 120, "parent_route": 169, "order": 2}}, {"pk": 1461, "model": "races.routelegnode", "fields": {"routeleg": 120, "parent_route": 170, "order": 2}}, {"pk": 1472, "model": "races.routelegnode", "fields": {"routeleg": 24, "parent_route": 171, "order": 2}}, {"pk": 1482, "model": "races.routelegnode", "fields": {"routeleg": 25, "parent_route": 172, "order": 2}}, {"pk": 1492, "model": "races.routelegnode", "fields": {"routeleg": 86, "parent_route": 173, "order": 2}}, {"pk": 1503, "model": "races.routelegnode", "fields": {"routeleg": 39, "parent_route": 174, "order": 2}}, {"pk": 1512, "model": "races.routelegnode", "fields": {"routeleg": 39, "parent_route": 175, "order": 2}}, {"pk": 1523, "model": "races.routelegnode", "fields": {"routeleg": 45, "parent_route": 176, "order": 2}}, {"pk": 1532, "model": "races.routelegnode", "fields": {"routeleg": 45, "parent_route": 177, "order": 2}}, {"pk": 1542, "model": "races.routelegnode", "fields": {"routeleg": 47, "parent_route": 178, "order": 2}}, {"pk": 1553, "model": "races.routelegnode", "fields": {"routeleg": 119, "parent_route": 179, "order": 2}}, {"pk": 1562, "model": "races.routelegnode", "fields": {"routeleg": 119, "parent_route": 180, "order": 2}}, {"pk": 1572, "model": "races.routelegnode", "fields": {"routeleg": 120, "parent_route": 181, "order": 2}}, {"pk": 1442, "model": "races.routelegnode", "fields": {"routeleg": 119, "parent_route": 168, "order": 2}}, {"pk": 1433, "model": "races.routelegnode", "fields": {"routeleg": 119, "parent_route": 167, "order": 2}}, {"pk": 1421, "model": "races.routelegnode", "fields": {"routeleg": 109, "parent_route": 165, "order": 2}}, {"pk": 1294, "model": "races.routelegnode", "fields": {"routeleg": 86, "parent_route": 151, "order": 2}}, {"pk": 1306, "model": "races.routelegnode", "fields": {"routeleg": 108, "parent_route": 153, "order": 2}}, {"pk": 1315, "model": "races.routelegnode", "fields": {"routeleg": 108, "parent_route": 154, "order": 2}}, {"pk": 1325, "model": "races.routelegnode", "fields": {"routeleg": 109, "parent_route": 155, "order": 2}}, {"pk": 1334, "model": "races.routelegnode", "fields": {"routeleg": 109, "parent_route": 156, "order": 2}}, {"pk": 1345, "model": "races.routelegnode", "fields": {"routeleg": 37, "parent_route": 157, "order": 2}}, {"pk": 1355, "model": "races.routelegnode", "fields": {"routeleg": 42, "parent_route": 158, "order": 2}}, {"pk": 1363, "model": "races.routelegnode", "fields": {"routeleg": 42, "parent_route": 159, "order": 2}}, {"pk": 1372, "model": "races.routelegnode", "fields": {"routeleg": 42, "parent_route": 160, "order": 2}}, {"pk": 1382, "model": "races.routelegnode", "fields": {"routeleg": 98, "parent_route": 161, "order": 2}}, {"pk": 1393, "model": "races.routelegnode", "fields": {"routeleg": 108, "parent_route": 162, "order": 2}}, {"pk": 1402, "model": "races.routelegnode", "fields": {"routeleg": 108, "parent_route": 163, "order": 2}}, {"pk": 1412, "model": "races.routelegnode", "fields": {"routeleg": 109, "parent_route": 164, "order": 2}}, {"pk": 1581, "model": "races.routelegnode", "fields": {"routeleg": 120, "parent_route": 182, "order": 2}}, {"pk": 9, "model": "races.routelegnode", "fields": {"routeleg": 42, "parent_route": 2, "order": 2}}, {"pk": 191, "model": "races.routelegnode", "fields": {"routeleg": 48, "parent_route": 23, "order": 2}}, {"pk": 202, "model": "races.routelegnode", "fields": {"routeleg": 66, "parent_route": 24, "order": 2}}, {"pk": 210, "model": "races.routelegnode", "fields": {"routeleg": 66, "parent_route": 25, "order": 2}}, {"pk": 219, "model": "races.routelegnode", "fields": {"routeleg": 66, "parent_route": 26, "order": 2}}, {"pk": 229, "model": "races.routelegnode", "fields": {"routeleg": 68, "parent_route": 27, "order": 2}}, {"pk": 238, "model": "races.routelegnode", "fields": {"routeleg": 68, "parent_route": 28, "order": 2}}, {"pk": 250, "model": "races.routelegnode", "fields": {"routeleg": 18, "parent_route": 30, "order": 2}}, {"pk": 258, "model": "races.routelegnode", "fields": {"routeleg": 18, "parent_route": 31, "order": 2}}, {"pk": 269, "model": "races.routelegnode", "fields": {"routeleg": 37, "parent_route": 32, "order": 2}}, {"pk": 279, "model": "races.routelegnode", "fields": {"routeleg": 39, "parent_route": 33, "order": 2}}, {"pk": 289, "model": "races.routelegnode", "fields": {"routeleg": 42, "parent_route": 34, "order": 2}}, {"pk": 297, "model": "races.routelegnode", "fields": {"routeleg": 42, "parent_route": 35, "order": 2}}, {"pk": 308, "model": "races.routelegnode", "fields": {"routeleg": 45, "parent_route": 36, "order": 2}}, {"pk": 181, "model": "races.routelegnode", "fields": {"routeleg": 47, "parent_route": 22, "order": 2}}, {"pk": 170, "model": "races.routelegnode", "fields": {"routeleg": 39, "parent_route": 21, "order": 2}}, {"pk": 160, "model": "races.routelegnode", "fields": {"routeleg": 38, "parent_route": 20, "order": 2}}, {"pk": 19, "model": "races.routelegnode", "fields": {"routeleg": 44, "parent_route": 3, "order": 2}}, {"pk": 31, "model": "races.routelegnode", "fields": {"routeleg": 46, "parent_route": 5, "order": 2}}, {"pk": 42, "model": "races.routelegnode", "fields": {"routeleg": 54, "parent_route": 6, "order": 2}}, {"pk": 54, "model": "races.routelegnode", "fields": {"routeleg": 60, "parent_route": 8, "order": 2}}, {"pk": 65, "model": "races.routelegnode", "fields": {"routeleg": 70, "parent_route": 9, "order": 2}}, {"pk": 77, "model": "races.routelegnode", "fields": {"routeleg": 37, "parent_route": 11, "order": 2}}, {"pk": 88, "model": "races.routelegnode", "fields": {"routeleg": 33, "parent_route": 12, "order": 2}}, {"pk": 98, "model": "races.routelegnode", "fields": {"routeleg": 54, "parent_route": 13, "order": 2}}, {"pk": 109, "model": "races.routelegnode", "fields": {"routeleg": 18, "parent_route": 14, "order": 2}}, {"pk": 119, "model": "races.routelegnode", "fields": {"routeleg": 60, "parent_route": 15, "order": 2}}, {"pk": 130, "model": "races.routelegnode", "fields": {"routeleg": 66, "parent_route": 16, "order": 2}}, {"pk": 138, "model": "races.routelegnode", "fields": {"routeleg": 66, "parent_route": 17, "order": 2}}, {"pk": 148, "model": "races.routelegnode", "fields": {"routeleg": 68, "parent_route": 18, "order": 2}}, {"pk": 318, "model": "races.routelegnode", "fields": {"routeleg": 46, "parent_route": 37, "order": 2}}, {"pk": 960, "model": "races.routelegnode", "fields": {"routeleg": 109, "parent_route": 112, "order": 2}}, {"pk": 832, "model": "races.routelegnode", "fields": {"routeleg": 87, "parent_route": 98, "order": 2}}, {"pk": 841, "model": "races.routelegnode", "fields": {"routeleg": 87, "parent_route": 99, "order": 2}}, {"pk": 850, "model": "races.routelegnode", "fields": {"routeleg": 87, "parent_route": 100, "order": 2}}, {"pk": 860, "model": "races.routelegnode", "fields": {"routeleg": 98, "parent_route": 101, "order": 2}}, {"pk": 869, "model": "races.routelegnode", "fields": {"routeleg": 98, "parent_route": 102, "order": 2}}, {"pk": 881, "model": "races.routelegnode", "fields": {"routeleg": 108, "parent_route": 104, "order": 2}}, {"pk": 891, "model": "races.routelegnode", "fields": {"routeleg": 109, "parent_route": 105, "order": 2}}, {"pk": 899, "model": "races.routelegnode", "fields": {"routeleg": 109, "parent_route": 106, "order": 2}}, {"pk": 908, "model": "races.routelegnode", "fields": {"routeleg": 109, "parent_route": 107, "order": 2}}, {"pk": 919, "model": "races.routelegnode", "fields": {"routeleg": 37, "parent_route": 108, "order": 2}}, {"pk": 929, "model": "races.routelegnode", "fields": {"routeleg": 39, "parent_route": 109, "order": 2}}, {"pk": 939, "model": "races.routelegnode", "fields": {"routeleg": 42, "parent_route": 110, "order": 2}}, {"pk": 950, "model": "races.routelegnode", "fields": {"routeleg": 108, "parent_route": 111, "order": 2}}, {"pk": 822, "model": "races.routelegnode", "fields": {"routeleg": 37, "parent_route": 97, "order": 2}}, {"pk": 810, "model": "races.routelegnode", "fields": {"routeleg": 119, "parent_route": 95, "order": 2}}, {"pk": 799, "model": "races.routelegnode", "fields": {"routeleg": 47, "parent_route": 94, "order": 2}}, {"pk": 326, "model": "races.routelegnode", "fields": {"routeleg": 46, "parent_route": 38, "order": 2}}, {"pk": 336, "model": "races.routelegnode", "fields": {"routeleg": 47, "parent_route": 39, "order": 2}}, {"pk": 346, "model": "races.routelegnode", "fields": {"routeleg": 48, "parent_route": 40, "order": 2}}, {"pk": 357, "model": "races.routelegnode", "fields": {"routeleg": 33, "parent_route": 41, "order": 2}}, {"pk": 367, "model": "races.routelegnode", "fields": {"routeleg": 34, "parent_route": 42, "order": 2}}, {"pk": 376, "model": "races.routelegnode", "fields": {"routeleg": 34, "parent_route": 43, "order": 2}}, {"pk": 388, "model": "races.routelegnode", "fields": {"routeleg": 25, "parent_route": 45, "order": 2}}, {"pk": 728, "model": "races.routelegnode", "fields": {"routeleg": 42, "parent_route": 85, "order": 2}}, {"pk": 787, "model": "races.routelegnode", "fields": {"routeleg": 109, "parent_route": 92, "order": 2}}, {"pk": 775, "model": "races.routelegnode", "fields": {"routeleg": 98, "parent_route": 90, "order": 2}}, {"pk": 766, "model": "races.routelegnode", "fields": {"routeleg": 98, "parent_route": 89, "order": 2}}, {"pk": 756, "model": "races.routelegnode", "fields": {"routeleg": 87, "parent_route": 88, "order": 2}}, {"pk": 747, "model": "races.routelegnode", "fields": {"routeleg": 87, "parent_route": 87, "order": 2}}, {"pk": 738, "model": "races.routelegnode", "fields": {"routeleg": 87, "parent_route": 86, "order": 2}}, {"pk": 1195, "model": "races.routelegnode", "fields": {"routeleg": 103, "parent_route": 140, "order": 3}}, {"pk": 1183, "model": "races.routelegnode", "fields": {"routeleg": 22, "parent_route": 138, "order": 3}}, {"pk": 1172, "model": "races.routelegnode", "fields": {"routeleg": 22, "parent_route": 137, "order": 3}}, {"pk": 1160, "model": "races.routelegnode", "fields": {"routeleg": 39, "parent_route": 135, "order": 3}}, {"pk": 1149, "model": "races.routelegnode", "fields": {"routeleg": 109, "parent_route": 134, "order": 3}}, {"pk": 1139, "model": "races.routelegnode", "fields": {"routeleg": 109, "parent_route": 133, "order": 3}}, {"pk": 1204, "model": "races.routelegnode", "fields": {"routeleg": 119, "parent_route": 141, "order": 3}}, {"pk": 1213, "model": "races.routelegnode", "fields": {"routeleg": 125, "parent_route": 142, "order": 3}}, {"pk": 1223, "model": "races.routelegnode", "fields": {"routeleg": 92, "parent_route": 143, "order": 3}}, {"pk": 1232, "model": "races.routelegnode", "fields": {"routeleg": 114, "parent_route": 144, "order": 3}}, {"pk": 1243, "model": "races.routelegnode", "fields": {"routeleg": 109, "parent_route": 145, "order": 3}}, {"pk": 1254, "model": "races.routelegnode", "fields": {"routeleg": 22, "parent_route": 146, "order": 3}}, {"pk": 1264, "model": "races.routelegnode", "fields": {"routeleg": 39, "parent_route": 147, "order": 3}}, {"pk": 1273, "model": "races.routelegnode", "fields": {"routeleg": 87, "parent_route": 148, "order": 3}}, {"pk": 1127, "model": "races.routelegnode", "fields": {"routeleg": 110, "parent_route": 131, "order": 3}}, {"pk": 1117, "model": "races.routelegnode", "fields": {"routeleg": 125, "parent_route": 130, "order": 3}}, {"pk": 1108, "model": "races.routelegnode", "fields": {"routeleg": 103, "parent_route": 129, "order": 3}}, {"pk": 978, "model": "races.routelegnode", "fields": {"routeleg": 42, "parent_route": 114, "order": 3}}, {"pk": 990, "model": "races.routelegnode", "fields": {"routeleg": 22, "parent_route": 116, "order": 3}}, {"pk": 1000, "model": "races.routelegnode", "fields": {"routeleg": 39, "parent_route": 117, "order": 3}}, {"pk": 1008, "model": "races.routelegnode", "fields": {"routeleg": 39, "parent_route": 118, "order": 3}}, {"pk": 1017, "model": "races.routelegnode", "fields": {"routeleg": 42, "parent_route": 119, "order": 3}}, {"pk": 1028, "model": "races.routelegnode", "fields": {"routeleg": 39, "parent_route": 120, "order": 3}}, {"pk": 1039, "model": "races.routelegnode", "fields": {"routeleg": 9, "parent_route": 121, "order": 3}}, {"pk": 1048, "model": "races.routelegnode", "fields": {"routeleg": 62, "parent_route": 122, "order": 3}}, {"pk": 1059, "model": "races.routelegnode", "fields": {"routeleg": 22, "parent_route": 123, "order": 3}}, {"pk": 1069, "model": "races.routelegnode", "fields": {"routeleg": 39, "parent_route": 124, "order": 3}}, {"pk": 1077, "model": "races.routelegnode", "fields": {"routeleg": 39, "parent_route": 125, "order": 3}}, {"pk": 1086, "model": "races.routelegnode", "fields": {"routeleg": 42, "parent_route": 126, "order": 3}}, {"pk": 1098, "model": "races.routelegnode", "fields": {"routeleg": 99, "parent_route": 128, "order": 3}}, {"pk": 969, "model": "races.routelegnode", "fields": {"routeleg": 39, "parent_route": 113, "order": 3}}, {"pk": 1285, "model": "races.routelegnode", "fields": {"routeleg": 45, "parent_route": 150, "order": 3}}, {"pk": 1453, "model": "races.routelegnode", "fields": {"routeleg": 39, "parent_route": 169, "order": 3}}, {"pk": 1462, "model": "races.routelegnode", "fields": {"routeleg": 42, "parent_route": 170, "order": 3}}, {"pk": 1473, "model": "races.routelegnode", "fields": {"routeleg": 39, "parent_route": 171, "order": 3}}, {"pk": 1483, "model": "races.routelegnode", "fields": {"routeleg": 45, "parent_route": 172, "order": 3}}, {"pk": 1493, "model": "races.routelegnode", "fields": {"routeleg": 120, "parent_route": 173, "order": 3}}, {"pk": 1504, "model": "races.routelegnode", "fields": {"routeleg": 9, "parent_route": 174, "order": 3}}, {"pk": 1513, "model": "races.routelegnode", "fields": {"routeleg": 62, "parent_route": 175, "order": 3}}, {"pk": 1524, "model": "races.routelegnode", "fields": {"routeleg": 39, "parent_route": 176, "order": 3}}, {"pk": 1533, "model": "races.routelegnode", "fields": {"routeleg": 87, "parent_route": 177, "order": 3}}, {"pk": 1543, "model": "races.routelegnode", "fields": {"routeleg": 22, "parent_route": 178, "order": 3}}, {"pk": 1554, "model": "races.routelegnode", "fields": {"routeleg": 22, "parent_route": 179, "order": 3}}, {"pk": 1563, "model": "races.routelegnode", "fields": {"routeleg": 24, "parent_route": 180, "order": 3}}, {"pk": 1573, "model": "races.routelegnode", "fields": {"routeleg": 39, "parent_route": 181, "order": 3}}, {"pk": 1443, "model": "races.routelegnode", "fields": {"routeleg": 24, "parent_route": 168, "order": 3}}, {"pk": 1434, "model": "races.routelegnode", "fields": {"routeleg": 22, "parent_route": 167, "order": 3}}, {"pk": 1422, "model": "races.routelegnode", "fields": {"routeleg": 42, "parent_route": 165, "order": 3}}, {"pk": 1295, "model": "races.routelegnode", "fields": {"routeleg": 120, "parent_route": 151, "order": 3}}, {"pk": 1307, "model": "races.routelegnode", "fields": {"routeleg": 22, "parent_route": 153, "order": 3}}, {"pk": 1316, "model": "races.routelegnode", "fields": {"routeleg": 24, "parent_route": 154, "order": 3}}, {"pk": 1326, "model": "races.routelegnode", "fields": {"routeleg": 39, "parent_route": 155, "order": 3}}, {"pk": 1335, "model": "races.routelegnode", "fields": {"routeleg": 42, "parent_route": 156, "order": 3}}, {"pk": 1346, "model": "races.routelegnode", "fields": {"routeleg": 22, "parent_route": 157, "order": 3}}, {"pk": 1356, "model": "races.routelegnode", "fields": {"routeleg": 47, "parent_route": 158, "order": 3}}, {"pk": 1364, "model": "races.routelegnode", "fields": {"routeleg": 47, "parent_route": 159, "order": 3}}, {"pk": 1373, "model": "races.routelegnode", "fields": {"routeleg": 99, "parent_route": 160, "order": 3}}, {"pk": 1383, "model": "races.routelegnode", "fields": {"routeleg": 110, "parent_route": 161, "order": 3}}, {"pk": 1394, "model": "races.routelegnode", "fields": {"routeleg": 22, "parent_route": 162, "order": 3}}, {"pk": 1403, "model": "races.routelegnode", "fields": {"routeleg": 24, "parent_route": 163, "order": 3}}, {"pk": 1413, "model": "races.routelegnode", "fields": {"routeleg": 39, "parent_route": 164, "order": 3}}, {"pk": 1582, "model": "races.routelegnode", "fields": {"routeleg": 42, "parent_route": 182, "order": 3}}, {"pk": 10, "model": "races.routelegnode", "fields": {"routeleg": 47, "parent_route": 2, "order": 3}}, {"pk": 192, "model": "races.routelegnode", "fields": {"routeleg": 18, "parent_route": 23, "order": 3}}, {"pk": 203, "model": "races.routelegnode", "fields": {"routeleg": 18, "parent_route": 24, "order": 3}}, {"pk": 211, "model": "races.routelegnode", "fields": {"routeleg": 18, "parent_route": 25, "order": 3}}, {"pk": 220, "model": "races.routelegnode", "fields": {"routeleg": 19, "parent_route": 26, "order": 3}}, {"pk": 230, "model": "races.routelegnode", "fields": {"routeleg": 39, "parent_route": 27, "order": 3}}, {"pk": 239, "model": "races.routelegnode", "fields": {"routeleg": 42, "parent_route": 28, "order": 3}}, {"pk": 251, "model": "races.routelegnode", "fields": {"routeleg": 37, "parent_route": 30, "order": 3}}, {"pk": 259, "model": "races.routelegnode", "fields": {"routeleg": 37, "parent_route": 31, "order": 3}}, {"pk": 270, "model": "races.routelegnode", "fields": {"routeleg": 22, "parent_route": 32, "order": 3}}, {"pk": 280, "model": "races.routelegnode", "fields": {"routeleg": 9, "parent_route": 33, "order": 3}}, {"pk": 290, "model": "races.routelegnode", "fields": {"routeleg": 47, "parent_route": 34, "order": 3}}, {"pk": 298, "model": "races.routelegnode", "fields": {"routeleg": 47, "parent_route": 35, "order": 3}}, {"pk": 309, "model": "races.routelegnode", "fields": {"routeleg": 39, "parent_route": 36, "order": 3}}, {"pk": 182, "model": "races.routelegnode", "fields": {"routeleg": 24, "parent_route": 22, "order": 3}}, {"pk": 171, "model": "races.routelegnode", "fields": {"routeleg": 62, "parent_route": 21, "order": 3}}, {"pk": 161, "model": "races.routelegnode", "fields": {"routeleg": 19, "parent_route": 20, "order": 3}}, {"pk": 20, "model": "races.routelegnode", "fields": {"routeleg": 69, "parent_route": 3, "order": 3}}, {"pk": 32, "model": "races.routelegnode", "fields": {"routeleg": 34, "parent_route": 5, "order": 3}}, {"pk": 43, "model": "races.routelegnode", "fields": {"routeleg": 68, "parent_route": 6, "order": 3}}, {"pk": 55, "model": "races.routelegnode", "fields": {"routeleg": 70, "parent_route": 8, "order": 3}}, {"pk": 66, "model": "races.routelegnode", "fields": {"routeleg": 35, "parent_route": 9, "order": 3}}, {"pk": 78, "model": "races.routelegnode", "fields": {"routeleg": 22, "parent_route": 11, "order": 3}}, {"pk": 89, "model": "races.routelegnode", "fields": {"routeleg": 58, "parent_route": 12, "order": 3}}, {"pk": 99, "model": "races.routelegnode", "fields": {"routeleg": 68, "parent_route": 13, "order": 3}}, {"pk": 110, "model": "races.routelegnode", "fields": {"routeleg": 37, "parent_route": 14, "order": 3}}, {"pk": 120, "model": "races.routelegnode", "fields": {"routeleg": 70, "parent_route": 15, "order": 3}}, {"pk": 131, "model": "races.routelegnode", "fields": {"routeleg": 18, "parent_route": 16, "order": 3}}, {"pk": 139, "model": "races.routelegnode", "fields": {"routeleg": 18, "parent_route": 17, "order": 3}}, {"pk": 149, "model": "races.routelegnode", "fields": {"routeleg": 39, "parent_route": 18, "order": 3}}, {"pk": 319, "model": "races.routelegnode", "fields": {"routeleg": 33, "parent_route": 37, "order": 3}}, {"pk": 961, "model": "races.routelegnode", "fields": {"routeleg": 39, "parent_route": 112, "order": 3}}, {"pk": 833, "model": "races.routelegnode", "fields": {"routeleg": 103, "parent_route": 98, "order": 3}}, {"pk": 842, "model": "races.routelegnode", "fields": {"routeleg": 119, "parent_route": 99, "order": 3}}, {"pk": 851, "model": "races.routelegnode", "fields": {"routeleg": 125, "parent_route": 100, "order": 3}}, {"pk": 861, "model": "races.routelegnode", "fields": {"routeleg": 92, "parent_route": 101, "order": 3}}, {"pk": 870, "model": "races.routelegnode", "fields": {"routeleg": 114, "parent_route": 102, "order": 3}}, {"pk": 882, "model": "races.routelegnode", "fields": {"routeleg": 22, "parent_route": 104, "order": 3}}, {"pk": 892, "model": "races.routelegnode", "fields": {"routeleg": 39, "parent_route": 105, "order": 3}}, {"pk": 900, "model": "races.routelegnode", "fields": {"routeleg": 39, "parent_route": 106, "order": 3}}, {"pk": 909, "model": "races.routelegnode", "fields": {"routeleg": 42, "parent_route": 107, "order": 3}}, {"pk": 920, "model": "races.routelegnode", "fields": {"routeleg": 22, "parent_route": 108, "order": 3}}, {"pk": 930, "model": "races.routelegnode", "fields": {"routeleg": 9, "parent_route": 109, "order": 3}}, {"pk": 940, "model": "races.routelegnode", "fields": {"routeleg": 47, "parent_route": 110, "order": 3}}, {"pk": 951, "model": "races.routelegnode", "fields": {"routeleg": 22, "parent_route": 111, "order": 3}}, {"pk": 823, "model": "races.routelegnode", "fields": {"routeleg": 22, "parent_route": 97, "order": 3}}, {"pk": 811, "model": "races.routelegnode", "fields": {"routeleg": 22, "parent_route": 95, "order": 3}}, {"pk": 800, "model": "races.routelegnode", "fields": {"routeleg": 22, "parent_route": 94, "order": 3}}, {"pk": 327, "model": "races.routelegnode", "fields": {"routeleg": 33, "parent_route": 38, "order": 3}}, {"pk": 337, "model": "races.routelegnode", "fields": {"routeleg": 22, "parent_route": 39, "order": 3}}, {"pk": 347, "model": "races.routelegnode", "fields": {"routeleg": 18, "parent_route": 40, "order": 3}}, {"pk": 358, "model": "races.routelegnode", "fields": {"routeleg": 24, "parent_route": 41, "order": 3}}, {"pk": 368, "model": "races.routelegnode", "fields": {"routeleg": 39, "parent_route": 42, "order": 3}}, {"pk": 377, "model": "races.routelegnode", "fields": {"routeleg": 42, "parent_route": 43, "order": 3}}, {"pk": 389, "model": "races.routelegnode", "fields": {"routeleg": 45, "parent_route": 45, "order": 3}}, {"pk": 729, "model": "races.routelegnode", "fields": {"routeleg": 47, "parent_route": 85, "order": 3}}, {"pk": 788, "model": "races.routelegnode", "fields": {"routeleg": 39, "parent_route": 92, "order": 3}}, {"pk": 776, "model": "races.routelegnode", "fields": {"routeleg": 114, "parent_route": 90, "order": 3}}, {"pk": 767, "model": "races.routelegnode", "fields": {"routeleg": 92, "parent_route": 89, "order": 3}}, {"pk": 757, "model": "races.routelegnode", "fields": {"routeleg": 125, "parent_route": 88, "order": 3}}, {"pk": 748, "model": "races.routelegnode", "fields": {"routeleg": 119, "parent_route": 87, "order": 3}}, {"pk": 739, "model": "races.routelegnode", "fields": {"routeleg": 103, "parent_route": 86, "order": 3}}, {"pk": 1196, "model": "races.routelegnode", "fields": {"routeleg": 108, "parent_route": 140, "order": 4}}, {"pk": 1184, "model": "races.routelegnode", "fields": {"routeleg": 62, "parent_route": 138, "order": 4}}, {"pk": 1173, "model": "races.routelegnode", "fields": {"routeleg": 62, "parent_route": 137, "order": 4}}, {"pk": 1161, "model": "races.routelegnode", "fields": {"routeleg": 62, "parent_route": 135, "order": 4}}, {"pk": 1150, "model": "races.routelegnode", "fields": {"routeleg": 39, "parent_route": 134, "order": 4}}, {"pk": 1140, "model": "races.routelegnode", "fields": {"routeleg": 39, "parent_route": 133, "order": 4}}, {"pk": 1205, "model": "races.routelegnode", "fields": {"routeleg": 58, "parent_route": 141, "order": 4}}, {"pk": 1214, "model": "races.routelegnode", "fields": {"routeleg": 108, "parent_route": 142, "order": 4}}, {"pk": 1224, "model": "races.routelegnode", "fields": {"routeleg": 119, "parent_route": 143, "order": 4}}, {"pk": 1233, "model": "races.routelegnode", "fields": {"routeleg": 119, "parent_route": 144, "order": 4}}, {"pk": 1244, "model": "races.routelegnode", "fields": {"routeleg": 39, "parent_route": 145, "order": 4}}, {"pk": 1255, "model": "races.routelegnode", "fields": {"routeleg": 62, "parent_route": 146, "order": 4}}, {"pk": 1265, "model": "races.routelegnode", "fields": {"routeleg": 62, "parent_route": 147, "order": 4}}, {"pk": 1274, "model": "races.routelegnode", "fields": {"routeleg": 119, "parent_route": 148, "order": 4}}, {"pk": 1128, "model": "races.routelegnode", "fields": {"routeleg": 47, "parent_route": 131, "order": 4}}, {"pk": 1118, "model": "races.routelegnode", "fields": {"routeleg": 108, "parent_route": 130, "order": 4}}, {"pk": 1109, "model": "races.routelegnode", "fields": {"routeleg": 108, "parent_route": 129, "order": 4}}, {"pk": 979, "model": "races.routelegnode", "fields": {"routeleg": 47, "parent_route": 114, "order": 4}}, {"pk": 991, "model": "races.routelegnode", "fields": {"routeleg": 62, "parent_route": 116, "order": 4}}, {"pk": 1001, "model": "races.routelegnode", "fields": {"routeleg": 9, "parent_route": 117, "order": 4}}, {"pk": 1009, "model": "races.routelegnode", "fields": {"routeleg": 62, "parent_route": 118, "order": 4}}, {"pk": 1018, "model": "races.routelegnode", "fields": {"routeleg": 47, "parent_route": 119, "order": 4}}, {"pk": 1029, "model": "races.routelegnode", "fields": {"routeleg": 62, "parent_route": 120, "order": 4}}, {"pk": 1040, "model": "races.routelegnode", "fields": {"routeleg": 58, "parent_route": 121, "order": 4}}, {"pk": 1049, "model": "races.routelegnode", "fields": {"routeleg": 74, "parent_route": 122, "order": 4}}, {"pk": 1060, "model": "races.routelegnode", "fields": {"routeleg": 62, "parent_route": 123, "order": 4}}, {"pk": 1070, "model": "races.routelegnode", "fields": {"routeleg": 9, "parent_route": 124, "order": 4}}, {"pk": 1078, "model": "races.routelegnode", "fields": {"routeleg": 62, "parent_route": 125, "order": 4}}, {"pk": 1087, "model": "races.routelegnode", "fields": {"routeleg": 47, "parent_route": 126, "order": 4}}, {"pk": 1099, "model": "races.routelegnode", "fields": {"routeleg": 108, "parent_route": 128, "order": 4}}, {"pk": 970, "model": "races.routelegnode", "fields": {"routeleg": 62, "parent_route": 113, "order": 4}}, {"pk": 1286, "model": "races.routelegnode", "fields": {"routeleg": 39, "parent_route": 150, "order": 4}}, {"pk": 1454, "model": "races.routelegnode", "fields": {"routeleg": 62, "parent_route": 169, "order": 4}}, {"pk": 1463, "model": "races.routelegnode", "fields": {"routeleg": 47, "parent_route": 170, "order": 4}}, {"pk": 1474, "model": "races.routelegnode", "fields": {"routeleg": 62, "parent_route": 171, "order": 4}}, {"pk": 1484, "model": "races.routelegnode", "fields": {"routeleg": 39, "parent_route": 172, "order": 4}}, {"pk": 1494, "model": "races.routelegnode", "fields": {"routeleg": 39, "parent_route": 173, "order": 4}}, {"pk": 1505, "model": "races.routelegnode", "fields": {"routeleg": 58, "parent_route": 174, "order": 4}}, {"pk": 1514, "model": "races.routelegnode", "fields": {"routeleg": 74, "parent_route": 175, "order": 4}}, {"pk": 1525, "model": "races.routelegnode", "fields": {"routeleg": 62, "parent_route": 176, "order": 4}}, {"pk": 1534, "model": "races.routelegnode", "fields": {"routeleg": 119, "parent_route": 177, "order": 4}}, {"pk": 1544, "model": "races.routelegnode", "fields": {"routeleg": 62, "parent_route": 178, "order": 4}}, {"pk": 1555, "model": "races.routelegnode", "fields": {"routeleg": 62, "parent_route": 179, "order": 4}}, {"pk": 1564, "model": "races.routelegnode", "fields": {"routeleg": 39, "parent_route": 180, "order": 4}}, {"pk": 1574, "model": "races.routelegnode", "fields": {"routeleg": 62, "parent_route": 181, "order": 4}}, {"pk": 1444, "model": "races.routelegnode", "fields": {"routeleg": 39, "parent_route": 168, "order": 4}}, {"pk": 1435, "model": "races.routelegnode", "fields": {"routeleg": 62, "parent_route": 167, "order": 4}}, {"pk": 1423, "model": "races.routelegnode", "fields": {"routeleg": 47, "parent_route": 165, "order": 4}}, {"pk": 1296, "model": "races.routelegnode", "fields": {"routeleg": 39, "parent_route": 151, "order": 4}}, {"pk": 1308, "model": "races.routelegnode", "fields": {"routeleg": 62, "parent_route": 153, "order": 4}}, {"pk": 1317, "model": "races.routelegnode", "fields": {"routeleg": 39, "parent_route": 154, "order": 4}}, {"pk": 1327, "model": "races.routelegnode", "fields": {"routeleg": 62, "parent_route": 155, "order": 4}}, {"pk": 1336, "model": "races.routelegnode", "fields": {"routeleg": 47, "parent_route": 156, "order": 4}}, {"pk": 1347, "model": "races.routelegnode", "fields": {"routeleg": 62, "parent_route": 157, "order": 4}}, {"pk": 1357, "model": "races.routelegnode", "fields": {"routeleg": 22, "parent_route": 158, "order": 4}}, {"pk": 1365, "model": "races.routelegnode", "fields": {"routeleg": 58, "parent_route": 159, "order": 4}}, {"pk": 1374, "model": "races.routelegnode", "fields": {"routeleg": 108, "parent_route": 160, "order": 4}}, {"pk": 1384, "model": "races.routelegnode", "fields": {"routeleg": 47, "parent_route": 161, "order": 4}}, {"pk": 1395, "model": "races.routelegnode", "fields": {"routeleg": 62, "parent_route": 162, "order": 4}}, {"pk": 1404, "model": "races.routelegnode", "fields": {"routeleg": 39, "parent_route": 163, "order": 4}}, {"pk": 1414, "model": "races.routelegnode", "fields": {"routeleg": 62, "parent_route": 164, "order": 4}}, {"pk": 1583, "model": "races.routelegnode", "fields": {"routeleg": 47, "parent_route": 182, "order": 4}}, {"pk": 11, "model": "races.routelegnode", "fields": {"routeleg": 58, "parent_route": 2, "order": 4}}, {"pk": 193, "model": "races.routelegnode", "fields": {"routeleg": 39, "parent_route": 23, "order": 4}}, {"pk": 204, "model": "races.routelegnode", "fields": {"routeleg": 37, "parent_route": 24, "order": 4}}, {"pk": 212, "model": "races.routelegnode", "fields": {"routeleg": 39, "parent_route": 25, "order": 4}}, {"pk": 221, "model": "races.routelegnode", "fields": {"routeleg": 47, "parent_route": 26, "order": 4}}, {"pk": 231, "model": "races.routelegnode", "fields": {"routeleg": 62, "parent_route": 27, "order": 4}}, {"pk": 240, "model": "races.routelegnode", "fields": {"routeleg": 47, "parent_route": 28, "order": 4}}, {"pk": 252, "model": "races.routelegnode", "fields": {"routeleg": 22, "parent_route": 30, "order": 4}}, {"pk": 260, "model": "races.routelegnode", "fields": {"routeleg": 58, "parent_route": 31, "order": 4}}, {"pk": 271, "model": "races.routelegnode", "fields": {"routeleg": 62, "parent_route": 32, "order": 4}}, {"pk": 281, "model": "races.routelegnode", "fields": {"routeleg": 58, "parent_route": 33, "order": 4}}, {"pk": 291, "model": "races.routelegnode", "fields": {"routeleg": 22, "parent_route": 34, "order": 4}}, {"pk": 299, "model": "races.routelegnode", "fields": {"routeleg": 58, "parent_route": 35, "order": 4}}, {"pk": 310, "model": "races.routelegnode", "fields": {"routeleg": 62, "parent_route": 36, "order": 4}}, {"pk": 183, "model": "races.routelegnode", "fields": {"routeleg": 39, "parent_route": 22, "order": 4}}, {"pk": 172, "model": "races.routelegnode", "fields": {"routeleg": 74, "parent_route": 21, "order": 4}}, {"pk": 162, "model": "races.routelegnode", "fields": {"routeleg": 47, "parent_route": 20, "order": 4}}, {"pk": 21, "model": "races.routelegnode", "fields": {"routeleg": 47, "parent_route": 3, "order": 4}}, {"pk": 33, "model": "races.routelegnode", "fields": {"routeleg": 39, "parent_route": 5, "order": 4}}, {"pk": 44, "model": "races.routelegnode", "fields": {"routeleg": 39, "parent_route": 6, "order": 4}}, {"pk": 56, "model": "races.routelegnode", "fields": {"routeleg": 33, "parent_route": 8, "order": 4}}, {"pk": 67, "model": "races.routelegnode", "fields": {"routeleg": 47, "parent_route": 9, "order": 4}}, {"pk": 79, "model": "races.routelegnode", "fields": {"routeleg": 62, "parent_route": 11, "order": 4}}, {"pk": 90, "model": "races.routelegnode", "fields": {"routeleg": 72, "parent_route": 12, "order": 4}}, {"pk": 100, "model": "races.routelegnode", "fields": {"routeleg": 39, "parent_route": 13, "order": 4}}, {"pk": 111, "model": "races.routelegnode", "fields": {"routeleg": 22, "parent_route": 14, "order": 4}}, {"pk": 121, "model": "races.routelegnode", "fields": {"routeleg": 33, "parent_route": 15, "order": 4}}, {"pk": 132, "model": "races.routelegnode", "fields": {"routeleg": 37, "parent_route": 16, "order": 4}}, {"pk": 140, "model": "races.routelegnode", "fields": {"routeleg": 39, "parent_route": 17, "order": 4}}, {"pk": 150, "model": "races.routelegnode", "fields": {"routeleg": 62, "parent_route": 18, "order": 4}}, {"pk": 320, "model": "races.routelegnode", "fields": {"routeleg": 22, "parent_route": 37, "order": 4}}, {"pk": 962, "model": "races.routelegnode", "fields": {"routeleg": 9, "parent_route": 112, "order": 4}}, {"pk": 834, "model": "races.routelegnode", "fields": {"routeleg": 108, "parent_route": 98, "order": 4}}, {"pk": 843, "model": "races.routelegnode", "fields": {"routeleg": 58, "parent_route": 99, "order": 4}}, {"pk": 852, "model": "races.routelegnode", "fields": {"routeleg": 108, "parent_route": 100, "order": 4}}, {"pk": 862, "model": "races.routelegnode", "fields": {"routeleg": 119, "parent_route": 101, "order": 4}}, {"pk": 871, "model": "races.routelegnode", "fields": {"routeleg": 119, "parent_route": 102, "order": 4}}, {"pk": 883, "model": "races.routelegnode", "fields": {"routeleg": 62, "parent_route": 104, "order": 4}}, {"pk": 893, "model": "races.routelegnode", "fields": {"routeleg": 9, "parent_route": 105, "order": 4}}, {"pk": 901, "model": "races.routelegnode", "fields": {"routeleg": 62, "parent_route": 106, "order": 4}}, {"pk": 910, "model": "races.routelegnode", "fields": {"routeleg": 47, "parent_route": 107, "order": 4}}, {"pk": 921, "model": "races.routelegnode", "fields": {"routeleg": 62, "parent_route": 108, "order": 4}}, {"pk": 931, "model": "races.routelegnode", "fields": {"routeleg": 58, "parent_route": 109, "order": 4}}, {"pk": 941, "model": "races.routelegnode", "fields": {"routeleg": 58, "parent_route": 110, "order": 4}}, {"pk": 952, "model": "races.routelegnode", "fields": {"routeleg": 62, "parent_route": 111, "order": 4}}, {"pk": 824, "model": "races.routelegnode", "fields": {"routeleg": 62, "parent_route": 97, "order": 4}}, {"pk": 812, "model": "races.routelegnode", "fields": {"routeleg": 62, "parent_route": 95, "order": 4}}, {"pk": 801, "model": "races.routelegnode", "fields": {"routeleg": 62, "parent_route": 94, "order": 4}}, {"pk": 328, "model": "races.routelegnode", "fields": {"routeleg": 58, "parent_route": 38, "order": 4}}, {"pk": 338, "model": "races.routelegnode", "fields": {"routeleg": 62, "parent_route": 39, "order": 4}}, {"pk": 348, "model": "races.routelegnode", "fields": {"routeleg": 37, "parent_route": 40, "order": 4}}, {"pk": 359, "model": "races.routelegnode", "fields": {"routeleg": 39, "parent_route": 41, "order": 4}}, {"pk": 369, "model": "races.routelegnode", "fields": {"routeleg": 62, "parent_route": 42, "order": 4}}, {"pk": 378, "model": "races.routelegnode", "fields": {"routeleg": 47, "parent_route": 43, "order": 4}}, {"pk": 390, "model": "races.routelegnode", "fields": {"routeleg": 39, "parent_route": 45, "order": 4}}, {"pk": 730, "model": "races.routelegnode", "fields": {"routeleg": 58, "parent_route": 85, "order": 4}}, {"pk": 789, "model": "races.routelegnode", "fields": {"routeleg": 62, "parent_route": 92, "order": 4}}, {"pk": 777, "model": "races.routelegnode", "fields": {"routeleg": 119, "parent_route": 90, "order": 4}}, {"pk": 768, "model": "races.routelegnode", "fields": {"routeleg": 119, "parent_route": 89, "order": 4}}, {"pk": 758, "model": "races.routelegnode", "fields": {"routeleg": 108, "parent_route": 88, "order": 4}}, {"pk": 749, "model": "races.routelegnode", "fields": {"routeleg": 58, "parent_route": 87, "order": 4}}, {"pk": 740, "model": "races.routelegnode", "fields": {"routeleg": 108, "parent_route": 86, "order": 4}}, {"pk": 1197, "model": "races.routelegnode", "fields": {"routeleg": 27, "parent_route": 140, "order": 5}}, {"pk": 1185, "model": "races.routelegnode", "fields": {"routeleg": 81, "parent_route": 138, "order": 5}}, {"pk": 1174, "model": "races.routelegnode", "fields": {"routeleg": 81, "parent_route": 137, "order": 5}}, {"pk": 1162, "model": "races.routelegnode", "fields": {"routeleg": 81, "parent_route": 135, "order": 5}}, {"pk": 1151, "model": "races.routelegnode", "fields": {"routeleg": 8, "parent_route": 134, "order": 5}}, {"pk": 1141, "model": "races.routelegnode", "fields": {"routeleg": 8, "parent_route": 133, "order": 5}}, {"pk": 1206, "model": "races.routelegnode", "fields": {"routeleg": 81, "parent_route": 141, "order": 5}}, {"pk": 1215, "model": "races.routelegnode", "fields": {"routeleg": 27, "parent_route": 142, "order": 5}}, {"pk": 1225, "model": "races.routelegnode", "fields": {"routeleg": 27, "parent_route": 143, "order": 5}}, {"pk": 1234, "model": "races.routelegnode", "fields": {"routeleg": 27, "parent_route": 144, "order": 5}}, {"pk": 1245, "model": "races.routelegnode", "fields": {"routeleg": 8, "parent_route": 145, "order": 5}}, {"pk": 1256, "model": "races.routelegnode", "fields": {"routeleg": 81, "parent_route": 146, "order": 5}}, {"pk": 1266, "model": "races.routelegnode", "fields": {"routeleg": 81, "parent_route": 147, "order": 5}}, {"pk": 1275, "model": "races.routelegnode", "fields": {"routeleg": 27, "parent_route": 148, "order": 5}}, {"pk": 1129, "model": "races.routelegnode", "fields": {"routeleg": 27, "parent_route": 131, "order": 5}}, {"pk": 1119, "model": "races.routelegnode", "fields": {"routeleg": 27, "parent_route": 130, "order": 5}}, {"pk": 1110, "model": "races.routelegnode", "fields": {"routeleg": 27, "parent_route": 129, "order": 5}}, {"pk": 980, "model": "races.routelegnode", "fields": {"routeleg": 27, "parent_route": 114, "order": 5}}, {"pk": 992, "model": "races.routelegnode", "fields": {"routeleg": 81, "parent_route": 116, "order": 5}}, {"pk": 1002, "model": "races.routelegnode", "fields": {"routeleg": 27, "parent_route": 117, "order": 5}}, {"pk": 1010, "model": "races.routelegnode", "fields": {"routeleg": 81, "parent_route": 118, "order": 5}}, {"pk": 1019, "model": "races.routelegnode", "fields": {"routeleg": 27, "parent_route": 119, "order": 5}}, {"pk": 1030, "model": "races.routelegnode", "fields": {"routeleg": 81, "parent_route": 120, "order": 5}}, {"pk": 1041, "model": "races.routelegnode", "fields": {"routeleg": 81, "parent_route": 121, "order": 5}}, {"pk": 1050, "model": "races.routelegnode", "fields": {"routeleg": 27, "parent_route": 122, "order": 5}}, {"pk": 1061, "model": "races.routelegnode", "fields": {"routeleg": 81, "parent_route": 123, "order": 5}}, {"pk": 1071, "model": "races.routelegnode", "fields": {"routeleg": 27, "parent_route": 124, "order": 5}}, {"pk": 1079, "model": "races.routelegnode", "fields": {"routeleg": 81, "parent_route": 125, "order": 5}}, {"pk": 1088, "model": "races.routelegnode", "fields": {"routeleg": 27, "parent_route": 126, "order": 5}}, {"pk": 1100, "model": "races.routelegnode", "fields": {"routeleg": 27, "parent_route": 128, "order": 5}}, {"pk": 971, "model": "races.routelegnode", "fields": {"routeleg": 81, "parent_route": 113, "order": 5}}, {"pk": 1287, "model": "races.routelegnode", "fields": {"routeleg": 8, "parent_route": 150, "order": 5}}, {"pk": 1455, "model": "races.routelegnode", "fields": {"routeleg": 81, "parent_route": 169, "order": 5}}, {"pk": 1464, "model": "races.routelegnode", "fields": {"routeleg": 27, "parent_route": 170, "order": 5}}, {"pk": 1475, "model": "races.routelegnode", "fields": {"routeleg": 81, "parent_route": 171, "order": 5}}, {"pk": 1485, "model": "races.routelegnode", "fields": {"routeleg": 8, "parent_route": 172, "order": 5}}, {"pk": 1495, "model": "races.routelegnode", "fields": {"routeleg": 8, "parent_route": 173, "order": 5}}, {"pk": 1506, "model": "races.routelegnode", "fields": {"routeleg": 81, "parent_route": 174, "order": 5}}, {"pk": 1515, "model": "races.routelegnode", "fields": {"routeleg": 27, "parent_route": 175, "order": 5}}, {"pk": 1526, "model": "races.routelegnode", "fields": {"routeleg": 81, "parent_route": 176, "order": 5}}, {"pk": 1535, "model": "races.routelegnode", "fields": {"routeleg": 27, "parent_route": 177, "order": 5}}, {"pk": 1545, "model": "races.routelegnode", "fields": {"routeleg": 81, "parent_route": 178, "order": 5}}, {"pk": 1556, "model": "races.routelegnode", "fields": {"routeleg": 81, "parent_route": 179, "order": 5}}, {"pk": 1565, "model": "races.routelegnode", "fields": {"routeleg": 8, "parent_route": 180, "order": 5}}, {"pk": 1575, "model": "races.routelegnode", "fields": {"routeleg": 81, "parent_route": 181, "order": 5}}, {"pk": 1445, "model": "races.routelegnode", "fields": {"routeleg": 8, "parent_route": 168, "order": 5}}, {"pk": 1436, "model": "races.routelegnode", "fields": {"routeleg": 81, "parent_route": 167, "order": 5}}, {"pk": 1424, "model": "races.routelegnode", "fields": {"routeleg": 27, "parent_route": 165, "order": 5}}, {"pk": 1297, "model": "races.routelegnode", "fields": {"routeleg": 8, "parent_route": 151, "order": 5}}, {"pk": 1309, "model": "races.routelegnode", "fields": {"routeleg": 81, "parent_route": 153, "order": 5}}, {"pk": 1318, "model": "races.routelegnode", "fields": {"routeleg": 8, "parent_route": 154, "order": 5}}, {"pk": 1328, "model": "races.routelegnode", "fields": {"routeleg": 81, "parent_route": 155, "order": 5}}, {"pk": 1337, "model": "races.routelegnode", "fields": {"routeleg": 27, "parent_route": 156, "order": 5}}, {"pk": 1348, "model": "races.routelegnode", "fields": {"routeleg": 81, "parent_route": 157, "order": 5}}, {"pk": 1358, "model": "races.routelegnode", "fields": {"routeleg": 8, "parent_route": 158, "order": 5}}, {"pk": 1366, "model": "races.routelegnode", "fields": {"routeleg": 81, "parent_route": 159, "order": 5}}, {"pk": 1375, "model": "races.routelegnode", "fields": {"routeleg": 27, "parent_route": 160, "order": 5}}, {"pk": 1385, "model": "races.routelegnode", "fields": {"routeleg": 27, "parent_route": 161, "order": 5}}, {"pk": 1396, "model": "races.routelegnode", "fields": {"routeleg": 81, "parent_route": 162, "order": 5}}, {"pk": 1405, "model": "races.routelegnode", "fields": {"routeleg": 8, "parent_route": 163, "order": 5}}, {"pk": 1415, "model": "races.routelegnode", "fields": {"routeleg": 81, "parent_route": 164, "order": 5}}, {"pk": 1584, "model": "races.routelegnode", "fields": {"routeleg": 27, "parent_route": 182, "order": 5}}, {"pk": 12, "model": "races.routelegnode", "fields": {"routeleg": 81, "parent_route": 2, "order": 5}}, {"pk": 194, "model": "races.routelegnode", "fields": {"routeleg": 8, "parent_route": 23, "order": 5}}, {"pk": 205, "model": "races.routelegnode", "fields": {"routeleg": 27, "parent_route": 24, "order": 5}}, {"pk": 213, "model": "races.routelegnode", "fields": {"routeleg": 8, "parent_route": 25, "order": 5}}, {"pk": 222, "model": "races.routelegnode", "fields": {"routeleg": 27, "parent_route": 26, "order": 5}}, {"pk": 232, "model": "races.routelegnode", "fields": {"routeleg": 81, "parent_route": 27, "order": 5}}, {"pk": 241, "model": "races.routelegnode", "fields": {"routeleg": 27, "parent_route": 28, "order": 5}}, {"pk": 253, "model": "races.routelegnode", "fields": {"routeleg": 8, "parent_route": 30, "order": 5}}, {"pk": 261, "model": "races.routelegnode", "fields": {"routeleg": 81, "parent_route": 31, "order": 5}}, {"pk": 272, "model": "races.routelegnode", "fields": {"routeleg": 81, "parent_route": 32, "order": 5}}, {"pk": 282, "model": "races.routelegnode", "fields": {"routeleg": 81, "parent_route": 33, "order": 5}}, {"pk": 292, "model": "races.routelegnode", "fields": {"routeleg": 8, "parent_route": 34, "order": 5}}, {"pk": 300, "model": "races.routelegnode", "fields": {"routeleg": 81, "parent_route": 35, "order": 5}}, {"pk": 311, "model": "races.routelegnode", "fields": {"routeleg": 81, "parent_route": 36, "order": 5}}, {"pk": 184, "model": "races.routelegnode", "fields": {"routeleg": 8, "parent_route": 22, "order": 5}}, {"pk": 173, "model": "races.routelegnode", "fields": {"routeleg": 27, "parent_route": 21, "order": 5}}, {"pk": 163, "model": "races.routelegnode", "fields": {"routeleg": 27, "parent_route": 20, "order": 5}}, {"pk": 22, "model": "races.routelegnode", "fields": {"routeleg": 27, "parent_route": 3, "order": 5}}, {"pk": 34, "model": "races.routelegnode", "fields": {"routeleg": 8, "parent_route": 5, "order": 5}}, {"pk": 45, "model": "races.routelegnode", "fields": {"routeleg": 8, "parent_route": 6, "order": 5}}, {"pk": 57, "model": "races.routelegnode", "fields": {"routeleg": 27, "parent_route": 8, "order": 5}}, {"pk": 68, "model": "races.routelegnode", "fields": {"routeleg": 27, "parent_route": 9, "order": 5}}, {"pk": 80, "model": "races.routelegnode", "fields": {"routeleg": 81, "parent_route": 11, "order": 5}}, {"pk": 91, "model": "races.routelegnode", "fields": {"routeleg": 8, "parent_route": 12, "order": 5}}, {"pk": 101, "model": "races.routelegnode", "fields": {"routeleg": 8, "parent_route": 13, "order": 5}}, {"pk": 112, "model": "races.routelegnode", "fields": {"routeleg": 8, "parent_route": 14, "order": 5}}, {"pk": 122, "model": "races.routelegnode", "fields": {"routeleg": 27, "parent_route": 15, "order": 5}}, {"pk": 133, "model": "races.routelegnode", "fields": {"routeleg": 27, "parent_route": 16, "order": 5}}, {"pk": 141, "model": "races.routelegnode", "fields": {"routeleg": 8, "parent_route": 17, "order": 5}}, {"pk": 151, "model": "races.routelegnode", "fields": {"routeleg": 81, "parent_route": 18, "order": 5}}, {"pk": 321, "model": "races.routelegnode", "fields": {"routeleg": 8, "parent_route": 37, "order": 5}}, {"pk": 329, "model": "races.routelegnode", "fields": {"routeleg": 81, "parent_route": 38, "order": 5}}, {"pk": 835, "model": "races.routelegnode", "fields": {"routeleg": 27, "parent_route": 98, "order": 5}}, {"pk": 844, "model": "races.routelegnode", "fields": {"routeleg": 81, "parent_route": 99, "order": 5}}, {"pk": 853, "model": "races.routelegnode", "fields": {"routeleg": 27, "parent_route": 100, "order": 5}}, {"pk": 863, "model": "races.routelegnode", "fields": {"routeleg": 27, "parent_route": 101, "order": 5}}, {"pk": 872, "model": "races.routelegnode", "fields": {"routeleg": 27, "parent_route": 102, "order": 5}}, {"pk": 884, "model": "races.routelegnode", "fields": {"routeleg": 81, "parent_route": 104, "order": 5}}, {"pk": 894, "model": "races.routelegnode", "fields": {"routeleg": 27, "parent_route": 105, "order": 5}}, {"pk": 902, "model": "races.routelegnode", "fields": {"routeleg": 81, "parent_route": 106, "order": 5}}, {"pk": 911, "model": "races.routelegnode", "fields": {"routeleg": 27, "parent_route": 107, "order": 5}}, {"pk": 922, "model": "races.routelegnode", "fields": {"routeleg": 81, "parent_route": 108, "order": 5}}, {"pk": 932, "model": "races.routelegnode", "fields": {"routeleg": 81, "parent_route": 109, "order": 5}}, {"pk": 942, "model": "races.routelegnode", "fields": {"routeleg": 81, "parent_route": 110, "order": 5}}, {"pk": 953, "model": "races.routelegnode", "fields": {"routeleg": 81, "parent_route": 111, "order": 5}}, {"pk": 825, "model": "races.routelegnode", "fields": {"routeleg": 81, "parent_route": 97, "order": 5}}, {"pk": 813, "model": "races.routelegnode", "fields": {"routeleg": 81, "parent_route": 95, "order": 5}}, {"pk": 802, "model": "races.routelegnode", "fields": {"routeleg": 81, "parent_route": 94, "order": 5}}, {"pk": 339, "model": "races.routelegnode", "fields": {"routeleg": 81, "parent_route": 39, "order": 5}}, {"pk": 349, "model": "races.routelegnode", "fields": {"routeleg": 27, "parent_route": 40, "order": 5}}, {"pk": 360, "model": "races.routelegnode", "fields": {"routeleg": 8, "parent_route": 41, "order": 5}}, {"pk": 370, "model": "races.routelegnode", "fields": {"routeleg": 81, "parent_route": 42, "order": 5}}, {"pk": 379, "model": "races.routelegnode", "fields": {"routeleg": 27, "parent_route": 43, "order": 5}}, {"pk": 391, "model": "races.routelegnode", "fields": {"routeleg": 8, "parent_route": 45, "order": 5}}, {"pk": 731, "model": "races.routelegnode", "fields": {"routeleg": 81, "parent_route": 85, "order": 5}}, {"pk": 741, "model": "races.routelegnode", "fields": {"routeleg": 27, "parent_route": 86, "order": 5}}, {"pk": 750, "model": "races.routelegnode", "fields": {"routeleg": 81, "parent_route": 87, "order": 5}}, {"pk": 759, "model": "races.routelegnode", "fields": {"routeleg": 27, "parent_route": 88, "order": 5}}, {"pk": 769, "model": "races.routelegnode", "fields": {"routeleg": 27, "parent_route": 89, "order": 5}}, {"pk": 778, "model": "races.routelegnode", "fields": {"routeleg": 27, "parent_route": 90, "order": 5}}, {"pk": 790, "model": "races.routelegnode", "fields": {"routeleg": 81, "parent_route": 92, "order": 5}}, {"pk": 963, "model": "races.routelegnode", "fields": {"routeleg": 27, "parent_route": 112, "order": 5}}, {"pk": 92, "model": "races.route", "fields": {"checkpoint_start": 5, "name": "Route 6", "capacity_max": 80, "rarity": 1, "length": "4.60", "race": 3, "selected": false, "capacity_comfortable": 120, "checkpoint_finish": 8}}, {"pk": 94, "model": "races.route", "fields": {"checkpoint_start": 5, "name": "Route 7", "capacity_max": 156, "rarity": 1, "length": "4.40", "race": 3, "selected": false, "capacity_comfortable": 190, "checkpoint_finish": 8}}, {"pk": 120, "model": "races.route", "fields": {"checkpoint_start": 5, "name": "Route 26", "capacity_max": 80, "rarity": 1, "length": "4.60", "race": 3, "selected": false, "capacity_comfortable": 120, "checkpoint_finish": 8}}, {"pk": 122, "model": "races.route", "fields": {"checkpoint_start": 5, "name": "Route 26", "capacity_max": 80, "rarity": 1, "length": "4.50", "race": 3, "selected": false, "capacity_comfortable": 120, "checkpoint_finish": 8}}, {"pk": 175, "model": "races.route", "fields": {"checkpoint_start": 5, "name": "Route None", "capacity_max": 80, "rarity": 1, "length": "4.50", "race": 2, "selected": false, "capacity_comfortable": 120, "checkpoint_finish": 8}}, {"pk": 37, "model": "races.route", "fields": {"checkpoint_start": 5, "name": "Route 23", "capacity_max": 190, "rarity": 2, "length": "2.00", "race": 1, "selected": false, "capacity_comfortable": 100, "checkpoint_finish": 8}}, {"pk": 38, "model": "races.route", "fields": {"checkpoint_start": 5, "name": "Route 23", "capacity_max": 190, "rarity": 2, "length": "2.00", "race": 1, "selected": false, "capacity_comfortable": 100, "checkpoint_finish": 8}}, {"pk": 39, "model": "races.route", "fields": {"checkpoint_start": 5, "name": "Route 23", "capacity_max": 190, "rarity": 2, "length": "2.00", "race": 1, "selected": false, "capacity_comfortable": 100, "checkpoint_finish": 8}}, {"pk": 40, "model": "races.route", "fields": {"checkpoint_start": 5, "name": "Route 23", "capacity_max": 190, "rarity": 2, "length": "2.00", "race": 1, "selected": false, "capacity_comfortable": 100, "checkpoint_finish": 8}}, {"pk": 36, "model": "races.route", "fields": {"checkpoint_start": 5, "name": "Route 23", "capacity_max": 200, "rarity": 2, "length": "2.00", "race": 1, "selected": false, "capacity_comfortable": 100, "checkpoint_finish": 8}}, {"pk": 35, "model": "races.route", "fields": {"checkpoint_start": 5, "name": "Route 23", "capacity_max": 190, "rarity": 2, "length": "2.00", "race": 1, "selected": false, "capacity_comfortable": 100, "checkpoint_finish": 8}}, {"pk": 34, "model": "races.route", "fields": {"checkpoint_start": 5, "name": "Route 23", "capacity_max": 190, "rarity": 2, "length": "2.00", "race": 1, "selected": false, "capacity_comfortable": 100, "checkpoint_finish": 8}}, {"pk": 33, "model": "races.route", "fields": {"checkpoint_start": 5, "name": "Route 23", "capacity_max": 190, "rarity": 2, "length": "2.00", "race": 1, "selected": false, "capacity_comfortable": 156, "checkpoint_finish": 8}}, {"pk": 32, "model": "races.route", "fields": {"checkpoint_start": 5, "name": "Route 23", "capacity_max": 190, "rarity": 2, "length": "2.00", "race": 1, "selected": false, "capacity_comfortable": 156, "checkpoint_finish": 8}}, {"pk": 31, "model": "races.route", "fields": {"checkpoint_start": 5, "name": "Route 23", "capacity_max": 190, "rarity": 2, "length": "2.00", "race": 1, "selected": false, "capacity_comfortable": 156, "checkpoint_finish": 8}}, {"pk": 41, "model": "races.route", "fields": {"checkpoint_start": 5, "name": "Route 23", "capacity_max": 190, "rarity": 2, "length": "2.00", "race": 1, "selected": false, "capacity_comfortable": 156, "checkpoint_finish": 8}}, {"pk": 42, "model": "races.route", "fields": {"checkpoint_start": 5, "name": "Route 23", "capacity_max": 200, "rarity": 2, "length": "2.00", "race": 1, "selected": false, "capacity_comfortable": 200, "checkpoint_finish": 8}}, {"pk": 174, "model": "races.route", "fields": {"checkpoint_start": 5, "name": "Route None", "capacity_max": 80, "rarity": 2, "length": "4.30", "race": 2, "selected": false, "capacity_comfortable": 120, "checkpoint_finish": 8}}, {"pk": 151, "model": "races.route", "fields": {"checkpoint_start": 5, "name": "Route None", "capacity_max": 156, "rarity": 2, "length": "4.60", "race": 2, "selected": false, "capacity_comfortable": 190, "checkpoint_finish": 8}}, {"pk": 150, "model": "races.route", "fields": {"checkpoint_start": 5, "name": "Route None", "capacity_max": 156, "rarity": 2, "length": "4.60", "race": 2, "selected": false, "capacity_comfortable": 190, "checkpoint_finish": 8}}, {"pk": 138, "model": "races.route", "fields": {"checkpoint_start": 5, "name": "Route None", "capacity_max": 156, "rarity": 2, "length": "4.40", "race": 2, "selected": false, "capacity_comfortable": 190, "checkpoint_finish": 8}}, {"pk": 137, "model": "races.route", "fields": {"checkpoint_start": 5, "name": "Route None", "capacity_max": 156, "rarity": 2, "length": "4.40", "race": 2, "selected": false, "capacity_comfortable": 190, "checkpoint_finish": 8}}, {"pk": 110, "model": "races.route", "fields": {"checkpoint_start": 5, "name": "Route 15", "capacity_max": 156, "rarity": 2, "length": "4.50", "race": 3, "selected": false, "capacity_comfortable": 190, "checkpoint_finish": 8}}, {"pk": 95, "model": "races.route", "fields": {"checkpoint_start": 5, "name": "Route 7", "capacity_max": 156, "rarity": 2, "length": "4.40", "race": 3, "selected": false, "capacity_comfortable": 190, "checkpoint_finish": 8}}, {"pk": 85, "model": "races.route", "fields": {"checkpoint_start": 5, "name": "Route 0", "capacity_max": 156, "rarity": 2, "length": "4.70", "race": 3, "selected": false, "capacity_comfortable": 190, "checkpoint_finish": 8}}, {"pk": 45, "model": "races.route", "fields": {"checkpoint_start": 5, "name": "Route 37", "capacity_max": 190, "rarity": 2, "length": "2.00", "race": 1, "selected": false, "capacity_comfortable": 100, "checkpoint_finish": 8}}, {"pk": 43, "model": "races.route", "fields": {"checkpoint_start": 5, "name": "Route 23", "capacity_max": 190, "rarity": 2, "length": "2.00", "race": 1, "selected": false, "capacity_comfortable": 100, "checkpoint_finish": 8}}, {"pk": 30, "model": "races.route", "fields": {"checkpoint_start": 5, "name": "Route 23", "capacity_max": 190, "rarity": 2, "length": "2.00", "race": 1, "selected": false, "capacity_comfortable": 156, "checkpoint_finish": 8}}, {"pk": 2, "model": "races.route", "fields": {"checkpoint_start": 5, "name": "Route 0", "capacity_max": 190, "rarity": 2, "length": "2.00", "race": 1, "selected": false, "capacity_comfortable": 100, "checkpoint_finish": 8}}, {"pk": 14, "model": "races.route", "fields": {"checkpoint_start": 5, "name": "Route 6", "capacity_max": 190, "rarity": 2, "length": "2.00", "race": 1, "selected": false, "capacity_comfortable": 100, "checkpoint_finish": 8}}, {"pk": 13, "model": "races.route", "fields": {"checkpoint_start": 5, "name": "Route 6", "capacity_max": 200, "rarity": 2, "length": "2.00", "race": 1, "selected": false, "capacity_comfortable": 100, "checkpoint_finish": 8}}, {"pk": 12, "model": "races.route", "fields": {"checkpoint_start": 5, "name": "Route 6", "capacity_max": 190, "rarity": 2, "length": "2.00", "race": 1, "selected": false, "capacity_comfortable": 100, "checkpoint_finish": 8}}, {"pk": 11, "model": "races.route", "fields": {"checkpoint_start": 5, "name": "Route 6", "capacity_max": 190, "rarity": 2, "length": "2.00", "race": 1, "selected": false, "capacity_comfortable": 100, "checkpoint_finish": 8}}, {"pk": 9, "model": "races.route", "fields": {"checkpoint_start": 5, "name": "Route 4", "capacity_max": 190, "rarity": 2, "length": "2.00", "race": 1, "selected": false, "capacity_comfortable": 100, "checkpoint_finish": 8}}, {"pk": 8, "model": "races.route", "fields": {"checkpoint_start": 5, "name": "Route 4", "capacity_max": 190, "rarity": 2, "length": "2.00", "race": 1, "selected": false, "capacity_comfortable": 156, "checkpoint_finish": 8}}, {"pk": 6, "model": "races.route", "fields": {"checkpoint_start": 5, "name": "Route 2", "capacity_max": 190, "rarity": 2, "length": "2.00", "race": 1, "selected": false, "capacity_comfortable": 156, "checkpoint_finish": 8}}, {"pk": 5, "model": "races.route", "fields": {"checkpoint_start": 5, "name": "Route 2", "capacity_max": 190, "rarity": 2, "length": "2.00", "race": 1, "selected": false, "capacity_comfortable": 100, "checkpoint_finish": 8}}, {"pk": 3, "model": "races.route", "fields": {"checkpoint_start": 5, "name": "Route 0", "capacity_max": 190, "rarity": 2, "length": "2.00", "race": 1, "selected": false, "capacity_comfortable": 100, "checkpoint_finish": 8}}, {"pk": 15, "model": "races.route", "fields": {"checkpoint_start": 5, "name": "Route 6", "capacity_max": 190, "rarity": 2, "length": "2.00", "race": 1, "selected": false, "capacity_comfortable": 100, "checkpoint_finish": 8}}, {"pk": 16, "model": "races.route", "fields": {"checkpoint_start": 5, "name": "Route 6", "capacity_max": 190, "rarity": 2, "length": "2.00", "race": 1, "selected": false, "capacity_comfortable": 100, "checkpoint_finish": 8}}, {"pk": 17, "model": "races.route", "fields": {"checkpoint_start": 5, "name": "Route 6", "capacity_max": 200, "rarity": 2, "length": "2.00", "race": 1, "selected": false, "capacity_comfortable": 100, "checkpoint_finish": 8}}, {"pk": 28, "model": "races.route", "fields": {"checkpoint_start": 5, "name": "Route 14", "capacity_max": 190, "rarity": 2, "length": "2.00", "race": 1, "selected": false, "capacity_comfortable": 100, "checkpoint_finish": 8}}, {"pk": 27, "model": "races.route", "fields": {"checkpoint_start": 5, "name": "Route 14", "capacity_max": 200, "rarity": 2, "length": "2.00", "race": 1, "selected": false, "capacity_comfortable": 200, "checkpoint_finish": 8}}, {"pk": 26, "model": "races.route", "fields": {"checkpoint_start": 5, "name": "Route 14", "capacity_max": 190, "rarity": 2, "length": "2.00", "race": 1, "selected": false, "capacity_comfortable": 100, "checkpoint_finish": 8}}, {"pk": 25, "model": "races.route", "fields": {"checkpoint_start": 5, "name": "Route 14", "capacity_max": 200, "rarity": 2, "length": "2.00", "race": 1, "selected": false, "capacity_comfortable": 200, "checkpoint_finish": 8}}, {"pk": 24, "model": "races.route", "fields": {"checkpoint_start": 5, "name": "Route 14", "capacity_max": 190, "rarity": 2, "length": "2.00", "race": 1, "selected": false, "capacity_comfortable": 156, "checkpoint_finish": 8}}, {"pk": 23, "model": "races.route", "fields": {"checkpoint_start": 5, "name": "Route 14", "capacity_max": 200, "rarity": 2, "length": "2.00", "race": 1, "selected": false, "capacity_comfortable": 100, "checkpoint_finish": 8}}, {"pk": 22, "model": "races.route", "fields": {"checkpoint_start": 5, "name": "Route 14", "capacity_max": 190, "rarity": 2, "length": "2.00", "race": 1, "selected": false, "capacity_comfortable": 100, "checkpoint_finish": 8}}, {"pk": 21, "model": "races.route", "fields": {"checkpoint_start": 5, "name": "Route 14", "capacity_max": 190, "rarity": 2, "length": "2.00", "race": 1, "selected": false, "capacity_comfortable": 156, "checkpoint_finish": 8}}, {"pk": 20, "model": "races.route", "fields": {"checkpoint_start": 5, "name": "Route 14", "capacity_max": 190, "rarity": 2, "length": "2.00", "race": 1, "selected": false, "capacity_comfortable": 100, "checkpoint_finish": 8}}, {"pk": 18, "model": "races.route", "fields": {"checkpoint_start": 5, "name": "Route 6", "capacity_max": 200, "rarity": 2, "length": "2.00", "race": 1, "selected": false, "capacity_comfortable": 100, "checkpoint_finish": 8}}, {"pk": 135, "model": "races.route", "fields": {"checkpoint_start": 5, "name": "Route None", "capacity_max": 80, "rarity": 3, "length": "4.60", "race": 2, "selected": false, "capacity_comfortable": 120, "checkpoint_finish": 8}}, {"pk": 134, "model": "races.route", "fields": {"checkpoint_start": 5, "name": "Route None", "capacity_max": 80, "rarity": 3, "length": "4.30", "race": 2, "selected": false, "capacity_comfortable": 120, "checkpoint_finish": 8}}, {"pk": 133, "model": "races.route", "fields": {"checkpoint_start": 5, "name": "Route None", "capacity_max": 80, "rarity": 3, "length": "4.30", "race": 2, "selected": false, "capacity_comfortable": 120, "checkpoint_finish": 8}}, {"pk": 160, "model": "races.route", "fields": {"checkpoint_start": 5, "name": "Route None", "capacity_max": 80, "rarity": 100, "length": "4.30", "race": 2, "selected": false, "capacity_comfortable": 120, "checkpoint_finish": 8}}, {"pk": 159, "model": "races.route", "fields": {"checkpoint_start": 5, "name": "Route None", "capacity_max": 156, "rarity": 100, "length": "4.50", "race": 2, "selected": false, "capacity_comfortable": 190, "checkpoint_finish": 8}}, {"pk": 158, "model": "races.route", "fields": {"checkpoint_start": 5, "name": "Route None", "capacity_max": 156, "rarity": 100, "length": "4.60", "race": 2, "selected": false, "capacity_comfortable": 190, "checkpoint_finish": 8}}, {"pk": 157, "model": "races.route", "fields": {"checkpoint_start": 5, "name": "Route None", "capacity_max": 156, "rarity": 100, "length": "4.60", "race": 2, "selected": false, "capacity_comfortable": 190, "checkpoint_finish": 8}}, {"pk": 156, "model": "races.route", "fields": {"checkpoint_start": 5, "name": "Route None", "capacity_max": 80, "rarity": 100, "length": "4.50", "race": 2, "selected": false, "capacity_comfortable": 120, "checkpoint_finish": 8}}, {"pk": 155, "model": "races.route", "fields": {"checkpoint_start": 5, "name": "Route None", "capacity_max": 80, "rarity": 100, "length": "4.40", "race": 2, "selected": false, "capacity_comfortable": 120, "checkpoint_finish": 8}}, {"pk": 154, "model": "races.route", "fields": {"checkpoint_start": 5, "name": "Route None", "capacity_max": 80, "rarity": 100, "length": "4.20", "race": 2, "selected": false, "capacity_comfortable": 120, "checkpoint_finish": 8}}, {"pk": 153, "model": "races.route", "fields": {"checkpoint_start": 5, "name": "Route None", "capacity_max": 80, "rarity": 100, "length": "4.50", "race": 2, "selected": false, "capacity_comfortable": 120, "checkpoint_finish": 8}}, {"pk": 148, "model": "races.route", "fields": {"checkpoint_start": 5, "name": "Route None", "capacity_max": 80, "rarity": 100, "length": "4.40", "race": 2, "selected": false, "capacity_comfortable": 120, "checkpoint_finish": 8}}, {"pk": 147, "model": "races.route", "fields": {"checkpoint_start": 5, "name": "Route None", "capacity_max": 80, "rarity": 100, "length": "4.30", "race": 2, "selected": false, "capacity_comfortable": 120, "checkpoint_finish": 8}}, {"pk": 146, "model": "races.route", "fields": {"checkpoint_start": 5, "name": "Route None", "capacity_max": 80, "rarity": 100, "length": "4.40", "race": 2, "selected": false, "capacity_comfortable": 120, "checkpoint_finish": 8}}, {"pk": 145, "model": "races.route", "fields": {"checkpoint_start": 5, "name": "Route None", "capacity_max": 80, "rarity": 100, "length": "4.60", "race": 2, "selected": false, "capacity_comfortable": 120, "checkpoint_finish": 8}}, {"pk": 144, "model": "races.route", "fields": {"checkpoint_start": 5, "name": "Route None", "capacity_max": 80, "rarity": 100, "length": "4.60", "race": 2, "selected": false, "capacity_comfortable": 120, "checkpoint_finish": 8}}, {"pk": 143, "model": "races.route", "fields": {"checkpoint_start": 5, "name": "Route None", "capacity_max": 80, "rarity": 100, "length": "4.60", "race": 2, "selected": false, "capacity_comfortable": 120, "checkpoint_finish": 8}}, {"pk": 142, "model": "races.route", "fields": {"checkpoint_start": 5, "name": "Route None", "capacity_max": 80, "rarity": 100, "length": "4.40", "race": 2, "selected": false, "capacity_comfortable": 120, "checkpoint_finish": 8}}, {"pk": 141, "model": "races.route", "fields": {"checkpoint_start": 5, "name": "Route None", "capacity_max": 156, "rarity": 100, "length": "4.60", "race": 2, "selected": false, "capacity_comfortable": 190, "checkpoint_finish": 8}}, {"pk": 161, "model": "races.route", "fields": {"checkpoint_start": 5, "name": "Route None", "capacity_max": 80, "rarity": 100, "length": "4.30", "race": 2, "selected": false, "capacity_comfortable": 120, "checkpoint_finish": 8}}, {"pk": 162, "model": "races.route", "fields": {"checkpoint_start": 5, "name": "Route None", "capacity_max": 80, "rarity": 100, "length": "4.50", "race": 2, "selected": false, "capacity_comfortable": 120, "checkpoint_finish": 8}}, {"pk": 163, "model": "races.route", "fields": {"checkpoint_start": 5, "name": "Route None", "capacity_max": 80, "rarity": 100, "length": "4.20", "race": 2, "selected": false, "capacity_comfortable": 120, "checkpoint_finish": 8}}, {"pk": 181, "model": "races.route", "fields": {"checkpoint_start": 5, "name": "Route None", "capacity_max": 80, "rarity": 100, "length": "4.30", "race": 2, "selected": false, "capacity_comfortable": 120, "checkpoint_finish": 8}}, {"pk": 180, "model": "races.route", "fields": {"checkpoint_start": 5, "name": "Route None", "capacity_max": 80, "rarity": 100, "length": "4.30", "race": 2, "selected": false, "capacity_comfortable": 120, "checkpoint_finish": 8}}, {"pk": 179, "model": "races.route", "fields": {"checkpoint_start": 5, "name": "Route None", "capacity_max": 80, "rarity": 100, "length": "4.60", "race": 2, "selected": false, "capacity_comfortable": 120, "checkpoint_finish": 8}}, {"pk": 178, "model": "races.route", "fields": {"checkpoint_start": 5, "name": "Route None", "capacity_max": 80, "rarity": 100, "length": "4.40", "race": 2, "selected": false, "capacity_comfortable": 120, "checkpoint_finish": 8}}, {"pk": 177, "model": "races.route", "fields": {"checkpoint_start": 5, "name": "Route None", "capacity_max": 80, "rarity": 100, "length": "4.40", "race": 2, "selected": false, "capacity_comfortable": 120, "checkpoint_finish": 8}}, {"pk": 176, "model": "races.route", "fields": {"checkpoint_start": 5, "name": "Route None", "capacity_max": 80, "rarity": 100, "length": "4.30", "race": 2, "selected": false, "capacity_comfortable": 120, "checkpoint_finish": 8}}, {"pk": 173, "model": "races.route", "fields": {"checkpoint_start": 5, "name": "Route None", "capacity_max": 80, "rarity": 100, "length": "4.60", "race": 2, "selected": false, "capacity_comfortable": 120, "checkpoint_finish": 8}}, {"pk": 172, "model": "races.route", "fields": {"checkpoint_start": 5, "name": "Route None", "capacity_max": 80, "rarity": 100, "length": "4.60", "race": 2, "selected": false, "capacity_comfortable": 120, "checkpoint_finish": 8}}, {"pk": 171, "model": "races.route", "fields": {"checkpoint_start": 5, "name": "Route None", "capacity_max": 80, "rarity": 100, "length": "4.60", "race": 2, "selected": false, "capacity_comfortable": 120, "checkpoint_finish": 8}}, {"pk": 170, "model": "races.route", "fields": {"checkpoint_start": 5, "name": "Route None", "capacity_max": 80, "rarity": 100, "length": "4.40", "race": 2, "selected": false, "capacity_comfortable": 120, "checkpoint_finish": 8}}, {"pk": 169, "model": "races.route", "fields": {"checkpoint_start": 5, "name": "Route None", "capacity_max": 80, "rarity": 100, "length": "4.30", "race": 2, "selected": false, "capacity_comfortable": 120, "checkpoint_finish": 8}}, {"pk": 168, "model": "races.route", "fields": {"checkpoint_start": 5, "name": "Route None", "capacity_max": 80, "rarity": 100, "length": "4.30", "race": 2, "selected": false, "capacity_comfortable": 120, "checkpoint_finish": 8}}, {"pk": 167, "model": "races.route", "fields": {"checkpoint_start": 5, "name": "Route None", "capacity_max": 80, "rarity": 100, "length": "4.60", "race": 2, "selected": false, "capacity_comfortable": 120, "checkpoint_finish": 8}}, {"pk": 165, "model": "races.route", "fields": {"checkpoint_start": 5, "name": "Route None", "capacity_max": 80, "rarity": 100, "length": "4.50", "race": 2, "selected": false, "capacity_comfortable": 120, "checkpoint_finish": 8}}, {"pk": 164, "model": "races.route", "fields": {"checkpoint_start": 5, "name": "Route None", "capacity_max": 80, "rarity": 100, "length": "4.40", "race": 2, "selected": false, "capacity_comfortable": 120, "checkpoint_finish": 8}}, {"pk": 182, "model": "races.route", "fields": {"checkpoint_start": 5, "name": "Route None", "capacity_max": 80, "rarity": 100, "length": "4.40", "race": 2, "selected": false, "capacity_comfortable": 120, "checkpoint_finish": 8}}, {"pk": 140, "model": "races.route", "fields": {"checkpoint_start": 5, "name": "Route None", "capacity_max": 80, "rarity": 100, "length": "4.40", "race": 2, "selected": false, "capacity_comfortable": 120, "checkpoint_finish": 8}}, {"pk": 108, "model": "races.route", "fields": {"checkpoint_start": 5, "name": "Route 15", "capacity_max": 156, "rarity": 100, "length": "4.60", "race": 3, "selected": false, "capacity_comfortable": 190, "checkpoint_finish": 8}}, {"pk": 107, "model": "races.route", "fields": {"checkpoint_start": 5, "name": "Route 15", "capacity_max": 80, "rarity": 100, "length": "4.50", "race": 3, "selected": false, "capacity_comfortable": 120, "checkpoint_finish": 8}}, {"pk": 106, "model": "races.route", "fields": {"checkpoint_start": 5, "name": "Route 15", "capacity_max": 80, "rarity": 100, "length": "4.40", "race": 3, "selected": false, "capacity_comfortable": 120, "checkpoint_finish": 8}}, {"pk": 105, "model": "races.route", "fields": {"checkpoint_start": 5, "name": "Route 15", "capacity_max": 80, "rarity": 100, "length": "4.80", "race": 3, "selected": false, "capacity_comfortable": 120, "checkpoint_finish": 8}}, {"pk": 104, "model": "races.route", "fields": {"checkpoint_start": 5, "name": "Route 15", "capacity_max": 80, "rarity": 100, "length": "4.50", "race": 3, "selected": false, "capacity_comfortable": 120, "checkpoint_finish": 8}}, {"pk": 102, "model": "races.route", "fields": {"checkpoint_start": 5, "name": "Route 9", "capacity_max": 80, "rarity": 100, "length": "4.60", "race": 3, "selected": false, "capacity_comfortable": 120, "checkpoint_finish": 8}}, {"pk": 101, "model": "races.route", "fields": {"checkpoint_start": 5, "name": "Route 9", "capacity_max": 80, "rarity": 100, "length": "4.60", "race": 3, "selected": false, "capacity_comfortable": 120, "checkpoint_finish": 8}}, {"pk": 100, "model": "races.route", "fields": {"checkpoint_start": 5, "name": "Route 9", "capacity_max": 80, "rarity": 100, "length": "4.40", "race": 3, "selected": false, "capacity_comfortable": 120, "checkpoint_finish": 8}}, {"pk": 99, "model": "races.route", "fields": {"checkpoint_start": 5, "name": "Route 9", "capacity_max": 156, "rarity": 100, "length": "4.60", "race": 3, "selected": false, "capacity_comfortable": 190, "checkpoint_finish": 8}}, {"pk": 98, "model": "races.route", "fields": {"checkpoint_start": 5, "name": "Route 9", "capacity_max": 80, "rarity": 100, "length": "4.40", "race": 3, "selected": false, "capacity_comfortable": 120, "checkpoint_finish": 8}}, {"pk": 97, "model": "races.route", "fields": {"checkpoint_start": 5, "name": "Route 9", "capacity_max": 156, "rarity": 100, "length": "4.70", "race": 3, "selected": false, "capacity_comfortable": 190, "checkpoint_finish": 8}}, {"pk": 90, "model": "races.route", "fields": {"checkpoint_start": 5, "name": "Route 0", "capacity_max": 80, "rarity": 100, "length": "4.70", "race": 3, "selected": false, "capacity_comfortable": 120, "checkpoint_finish": 8}}, {"pk": 89, "model": "races.route", "fields": {"checkpoint_start": 5, "name": "Route 0", "capacity_max": 80, "rarity": 100, "length": "4.70", "race": 3, "selected": false, "capacity_comfortable": 120, "checkpoint_finish": 8}}, {"pk": 88, "model": "races.route", "fields": {"checkpoint_start": 5, "name": "Route 0", "capacity_max": 80, "rarity": 100, "length": "4.50", "race": 3, "selected": false, "capacity_comfortable": 120, "checkpoint_finish": 8}}, {"pk": 87, "model": "races.route", "fields": {"checkpoint_start": 5, "name": "Route 0", "capacity_max": 156, "rarity": 100, "length": "4.70", "race": 3, "selected": false, "capacity_comfortable": 190, "checkpoint_finish": 8}}, {"pk": 109, "model": "races.route", "fields": {"checkpoint_start": 5, "name": "Route 15", "capacity_max": 156, "rarity": 100, "length": "4.80", "race": 3, "selected": false, "capacity_comfortable": 190, "checkpoint_finish": 8}}, {"pk": 111, "model": "races.route", "fields": {"checkpoint_start": 5, "name": "Route 15", "capacity_max": 80, "rarity": 100, "length": "4.50", "race": 3, "selected": false, "capacity_comfortable": 120, "checkpoint_finish": 8}}, {"pk": 112, "model": "races.route", "fields": {"checkpoint_start": 5, "name": "Route 15", "capacity_max": 80, "rarity": 100, "length": "4.80", "race": 3, "selected": false, "capacity_comfortable": 120, "checkpoint_finish": 8}}, {"pk": 131, "model": "races.route", "fields": {"checkpoint_start": 5, "name": "Route None", "capacity_max": 80, "rarity": 100, "length": "4.50", "race": 2, "selected": false, "capacity_comfortable": 120, "checkpoint_finish": 8}}, {"pk": 130, "model": "races.route", "fields": {"checkpoint_start": 5, "name": "Route None", "capacity_max": 80, "rarity": 100, "length": "4.50", "race": 2, "selected": false, "capacity_comfortable": 120, "checkpoint_finish": 8}}, {"pk": 129, "model": "races.route", "fields": {"checkpoint_start": 5, "name": "Route None", "capacity_max": 80, "rarity": 100, "length": "4.50", "race": 2, "selected": false, "capacity_comfortable": 120, "checkpoint_finish": 8}}, {"pk": 128, "model": "races.route", "fields": {"checkpoint_start": 5, "name": "Route None", "capacity_max": 80, "rarity": 100, "length": "4.50", "race": 2, "selected": false, "capacity_comfortable": 120, "checkpoint_finish": 8}}, {"pk": 126, "model": "races.route", "fields": {"checkpoint_start": 5, "name": "Route 26", "capacity_max": 80, "rarity": 100, "length": "4.40", "race": 3, "selected": false, "capacity_comfortable": 120, "checkpoint_finish": 8}}, {"pk": 125, "model": "races.route", "fields": {"checkpoint_start": 5, "name": "Route 26", "capacity_max": 80, "rarity": 100, "length": "4.30", "race": 3, "selected": false, "capacity_comfortable": 120, "checkpoint_finish": 8}}, {"pk": 124, "model": "races.route", "fields": {"checkpoint_start": 5, "name": "Route 26", "capacity_max": 80, "rarity": 100, "length": "4.70", "race": 3, "selected": false, "capacity_comfortable": 120, "checkpoint_finish": 8}}, {"pk": 123, "model": "races.route", "fields": {"checkpoint_start": 5, "name": "Route 26", "capacity_max": 80, "rarity": 100, "length": "4.60", "race": 3, "selected": false, "capacity_comfortable": 120, "checkpoint_finish": 8}}, {"pk": 121, "model": "races.route", "fields": {"checkpoint_start": 5, "name": "Route 26", "capacity_max": 80, "rarity": 100, "length": "4.30", "race": 3, "selected": false, "capacity_comfortable": 120, "checkpoint_finish": 8}}, {"pk": 119, "model": "races.route", "fields": {"checkpoint_start": 5, "name": "Route 26", "capacity_max": 80, "rarity": 100, "length": "4.40", "race": 3, "selected": false, "capacity_comfortable": 120, "checkpoint_finish": 8}}, {"pk": 118, "model": "races.route", "fields": {"checkpoint_start": 5, "name": "Route 26", "capacity_max": 80, "rarity": 100, "length": "4.30", "race": 3, "selected": false, "capacity_comfortable": 120, "checkpoint_finish": 8}}, {"pk": 117, "model": "races.route", "fields": {"checkpoint_start": 5, "name": "Route 26", "capacity_max": 80, "rarity": 100, "length": "4.70", "race": 3, "selected": false, "capacity_comfortable": 120, "checkpoint_finish": 8}}, {"pk": 116, "model": "races.route", "fields": {"checkpoint_start": 5, "name": "Route 26", "capacity_max": 80, "rarity": 100, "length": "4.60", "race": 3, "selected": false, "capacity_comfortable": 120, "checkpoint_finish": 8}}, {"pk": 114, "model": "races.route", "fields": {"checkpoint_start": 5, "name": "Route 15", "capacity_max": 80, "rarity": 100, "length": "4.50", "race": 3, "selected": false, "capacity_comfortable": 120, "checkpoint_finish": 8}}, {"pk": 113, "model": "races.route", "fields": {"checkpoint_start": 5, "name": "Route 15", "capacity_max": 80, "rarity": 100, "length": "4.40", "race": 3, "selected": false, "capacity_comfortable": 120, "checkpoint_finish": 8}}, {"pk": 86, "model": "races.route", "fields": {"checkpoint_start": 5, "name": "Route 0", "capacity_max": 80, "rarity": 100, "length": "4.50", "race": 3, "selected": false, "capacity_comfortable": 120, "checkpoint_finish": 8}}, {"pk": 1, "model": "auth.permission", "fields": {"codename": "add_logentry", "name": "Can add log entry", "content_type": 1}}, {"pk": 2, "model": "auth.permission", "fields": {"codename": "change_logentry", "name": "Can change log entry", "content_type": 1}}, {"pk": 3, "model": "auth.permission", "fields": {"codename": "delete_logentry", "name": "Can delete log entry", "content_type": 1}}, {"pk": 7, "model": "auth.permission", "fields": {"codename": "add_group", "name": "Can add group", "content_type": 3}}, {"pk": 8, "model": "auth.permission", "fields": {"codename": "change_group", "name": "Can change group", "content_type": 3}}, {"pk": 9, "model": "auth.permission", "fields": {"codename": "delete_group", "name": "Can delete group", "content_type": 3}}, {"pk": 4, "model": "auth.permission", "fields": {"codename": "add_permission", "name": "Can add permission", "content_type": 2}}, {"pk": 5, "model": "auth.permission", "fields": {"codename": "change_permission", "name": "Can change permission", "content_type": 2}}, {"pk": 6, "model": "auth.permission", "fields": {"codename": "delete_permission", "name": "Can delete permission", "content_type": 2}}, {"pk": 10, "model": "auth.permission", "fields": {"codename": "add_user", "name": "Can add user", "content_type": 4}}, {"pk": 11, "model": "auth.permission", "fields": {"codename": "change_user", "name": "Can change user", "content_type": 4}}, {"pk": 12, "model": "auth.permission", "fields": {"codename": "delete_user", "name": "Can delete user", "content_type": 4}}, {"pk": 37, "model": "auth.permission", "fields": {"codename": "add_contenttype", "name": "Can add content type", "content_type": 6}}, {"pk": 16, "model": "auth.permission", "fields": {"codename": "add_session", "name": "Can add session", "content_type": 6}}, {"pk": 38, "model": "auth.permission", "fields": {"codename": "change_contenttype", "name": "Can change content type", "content_type": 6}}, {"pk": 17, "model": "auth.permission", "fields": {"codename": "change_session", "name": "Can change session", "content_type": 6}}, {"pk": 39, "model": "auth.permission", "fields": {"codename": "delete_contenttype", "name": "Can delete content type", "content_type": 6}}, {"pk": 18, "model": "auth.permission", "fields": {"codename": "delete_session", "name": "Can delete session", "content_type": 6}}, {"pk": 49, "model": "auth.permission", "fields": {"codename": "add_checkpoint", "name": "Can add checkpoint", "content_type": 10}}, {"pk": 28, "model": "auth.permission", "fields": {"codename": "add_routeleg", "name": "Can add route leg", "content_type": 10}}, {"pk": 50, "model": "auth.permission", "fields": {"codename": "change_checkpoint", "name": "Can change checkpoint", "content_type": 10}}, {"pk": 29, "model": "auth.permission", "fields": {"codename": "change_routeleg", "name": "Can change route leg", "content_type": 10}}, {"pk": 51, "model": "auth.permission", "fields": {"codename": "delete_checkpoint", "name": "Can delete checkpoint", "content_type": 10}}, {"pk": 30, "model": "auth.permission", "fields": {"codename": "delete_routeleg", "name": "Can delete route leg", "content_type": 10}}, {"pk": 25, "model": "auth.permission", "fields": {"codename": "add_checkpoint", "name": "Can add checkpoint", "content_type": 9}}, {"pk": 46, "model": "auth.permission", "fields": {"codename": "add_race", "name": "Can add race", "content_type": 9}}, {"pk": 26, "model": "auth.permission", "fields": {"codename": "change_checkpoint", "name": "Can change checkpoint", "content_type": 9}}, {"pk": 47, "model": "auth.permission", "fields": {"codename": "change_race", "name": "Can change race", "content_type": 9}}, {"pk": 27, "model": "auth.permission", "fields": {"codename": "delete_checkpoint", "name": "Can delete checkpoint", "content_type": 9}}, {"pk": 48, "model": "auth.permission", "fields": {"codename": "delete_race", "name": "Can delete race", "content_type": 9}}, {"pk": 58, "model": "auth.permission", "fields": {"codename": "add_route", "name": "Can add route", "content_type": 13}}, {"pk": 59, "model": "auth.permission", "fields": {"codename": "change_route", "name": "Can change route", "content_type": 13}}, {"pk": 60, "model": "auth.permission", "fields": {"codename": "delete_route", "name": "Can delete route", "content_type": 13}}, {"pk": 52, "model": "auth.permission", "fields": {"codename": "add_routeleg", "name": "Can add route leg", "content_type": 11}}, {"pk": 31, "model": "auth.permission", "fields": {"codename": "add_routelegnode", "name": "Can add route leg node", "content_type": 11}}, {"pk": 53, "model": "auth.permission", "fields": {"codename": "change_routeleg", "name": "Can change route leg", "content_type": 11}}, {"pk": 32, "model": "auth.permission", "fields": {"codename": "change_routelegnode", "name": "Can change route leg node", "content_type": 11}}, {"pk": 54, "model": "auth.permission", "fields": {"codename": "delete_routeleg", "name": "Can delete route leg", "content_type": 11}}, {"pk": 33, "model": "auth.permission", "fields": {"codename": "delete_routelegnode", "name": "Can delete route leg node", "content_type": 11}}, {"pk": 34, "model": "auth.permission", "fields": {"codename": "add_route", "name": "Can add route", "content_type": 12}}, {"pk": 55, "model": "auth.permission", "fields": {"codename": "add_routelegnode", "name": "Can add route leg node", "content_type": 12}}, {"pk": 35, "model": "auth.permission", "fields": {"codename": "change_route", "name": "Can change route", "content_type": 12}}, {"pk": 56, "model": "auth.permission", "fields": {"codename": "change_routelegnode", "name": "Can change route leg node", "content_type": 12}}, {"pk": 36, "model": "auth.permission", "fields": {"codename": "delete_route", "name": "Can delete route", "content_type": 12}}, {"pk": 57, "model": "auth.permission", "fields": {"codename": "delete_routelegnode", "name": "Can delete route leg node", "content_type": 12}}, {"pk": 40, "model": "auth.permission", "fields": {"codename": "add_session", "name": "Can add session", "content_type": 7}}, {"pk": 19, "model": "auth.permission", "fields": {"codename": "add_site", "name": "Can add site", "content_type": 7}}, {"pk": 41, "model": "auth.permission", "fields": {"codename": "change_session", "name": "Can change session", "content_type": 7}}, {"pk": 20, "model": "auth.permission", "fields": {"codename": "change_site", "name": "Can change site", "content_type": 7}}, {"pk": 42, "model": "auth.permission", "fields": {"codename": "delete_session", "name": "Can delete session", "content_type": 7}}, {"pk": 21, "model": "auth.permission", "fields": {"codename": "delete_site", "name": "Can delete site", "content_type": 7}}, {"pk": 22, "model": "auth.permission", "fields": {"codename": "add_race", "name": "Can add race", "content_type": 8}}, {"pk": 43, "model": "auth.permission", "fields": {"codename": "add_site", "name": "Can add site", "content_type": 8}}, {"pk": 23, "model": "auth.permission", "fields": {"codename": "change_race", "name": "Can change race", "content_type": 8}}, {"pk": 44, "model": "auth.permission", "fields": {"codename": "change_site", "name": "Can change site", "content_type": 8}}, {"pk": 24, "model": "auth.permission", "fields": {"codename": "delete_race", "name": "Can delete race", "content_type": 8}}, {"pk": 45, "model": "auth.permission", "fields": {"codename": "delete_site", "name": "Can delete site", "content_type": 8}}, {"pk": 1, "model": "auth.user", "fields": {"username": "devin", "first_name": "", "last_name": "", "is_active": true, "is_superuser": true, "is_staff": true, "last_login": "2013-02-19T22:08:55", "groups": [], "user_permissions": [], "password": "pbkdf2_sha256$10000$hw2z0vKivGsE$lvMiyRFTQC9MQlbfYb94ahAWm0PpRlJx/kRXJj8xzMY=", "email": "dev@dev.com", "date_joined": "2013-02-19T22:08:55"}}]